seqname	start	end	total_kmers	observed_kmers	variations	kmer_distance
chr1A_WhJag	0	50000	45545	44739	45	619
chr1A_WhJag	49969	99969	46404	46175	17	270
chr1A_WhJag	99938	149938	45833	44148	95	1193
chr1A_WhJag	149907	199907	47777	47319	27	343
chr1A_WhJag	199876	249876	47765	46999	55	868
chr1A_WhJag	249845	299845	45625	45082	35	496
chr1A_WhJag	299814	349814	46707	45983	41	498
chr1A_WhJag	349783	399783	46518	44021	109	1171
chr1A_WhJag	399752	449752	48371	47429	48	549
chr1A_WhJag	449721	499721	48554	48172	29	467
chr1A_WhJag	499690	549690	49422	48999	33	545
chr1A_WhJag	549659	599659	49704	49291	25	329
chr1A_WhJag	599628	649628	49337	49079	25	489
chr1A_WhJag	649597	699597	49338	48953	23	304
chr1A_WhJag	699566	749566	49054	48466	37	506
chr1A_WhJag	749535	799535	48527	48261	26	491
chr1A_WhJag	799504	849504	49970	49673	18	231
chr1A_WhJag	849473	899473	49544	48959	37	574
chr1A_WhJag	899442	949442	49844	49455	31	513
chr1A_WhJag	949411	999411	49582	49331	21	367
chr1A_WhJag	999380	1049380	49624	49514	15	325
chr1A_WhJag	1049349	1099349	48069	47825	26	513
chr1A_WhJag	1099318	1149318	48575	48334	19	318
chr1A_WhJag	1149287	1199287	48204	47793	20	433
chr1A_WhJag	1199256	1249256	47006	46616	20	358
chr1A_WhJag	1249225	1299225	49274	49060	18	314
chr1A_WhJag	1299194	1349194	49146	48793	24	393
chr1A_WhJag	1349163	1399163	46983	44711	118	1816
chr1A_WhJag	1399132	1449132	46922	40480	285	3411
chr1A_WhJag	1449101	1499101	45171	40058	206	3142
chr1A_WhJag	1499070	1549070	41531	40475	51	606
chr1A_WhJag	1549039	1599039	49850	49592	15	247
chr1A_WhJag	1599008	1649008	49089	48657	18	150
chr1A_WhJag	1648977	1698977	42643	42161	28	369
chr1A_WhJag	1698946	1748946	48836	47890	36	577
chr1A_WhJag	1748915	1798915	48753	39066	277	6947
chr1A_WhJag	1798884	1848884	49453	34952	547	8778
chr1A_WhJag	1848853	1898853	49688	32339	548	12177
chr1A_WhJag	1898822	1948822	49395	42402	365	5257
chr1A_WhJag	1948791	1998791	41860	33260	489	6992
chr1A_WhJag	1998760	2048760	39032	31202	491	8024
chr1A_WhJag	2048729	2098729	45938	31775	399	11080
chr1A_WhJag	2098698	2148698	48112	46564	73	1277
chr1A_WhJag	2148667	2198667	48390	48113	19	286
chr1A_WhJag	2198636	2248636	48118	38998	324	5963
chr1A_WhJag	2248605	2298605	47428	36793	430	7189
chr1A_WhJag	2298574	2348574	49758	38964	390	5630
chr1A_WhJag	2348543	2398543	48761	42188	345	4760
chr1A_WhJag	2398512	2448512	49492	40229	374	5972
chr1A_WhJag	2448481	2498481	45538	34870	336	5554
chr1A_WhJag	2498450	2548450	49970	40986	355	5151
chr1A_WhJag	2548419	2598419	49327	37288	385	6397
chr1A_WhJag	2598388	2648388	49166	44576	288	4514
chr1A_WhJag	2648357	2698357	49042	41513	372	4534
chr1A_WhJag	2698326	2748326	49345	40400	359	3606
chr1A_WhJag	2748295	2798295	49022	41445	276	3164
chr1A_WhJag	2798264	2848264	49763	38624	435	6740
chr1A_WhJag	2848233	2898233	49425	37179	479	6539
chr1A_WhJag	2898202	2948202	49688	42425	409	6119
chr1A_WhJag	2948171	2998171	49705	45314	318	5492
chr1A_WhJag	2998140	3048140	48022	43102	290	4206
chr1A_WhJag	3048109	3098109	49447	40925	383	4954
chr1A_WhJag	3098078	3148078	49560	39427	398	5355
chr1A_WhJag	3148047	3198047	49517	31687	365	13719
chr1A_WhJag	3198016	3248016	49615	28463	310	16701
chr1A_WhJag	3247985	3297985	47813	32642	357	9396
chr1A_WhJag	3297954	3347954	48384	45794	159	2324
chr1A_WhJag	3347923	3397923	48708	45370	174	2020
chr1A_WhJag	3397892	3447892	49198	38351	291	6964
chr1A_WhJag	3447861	3497861	49146	46991	133	1893
chr1A_WhJag	3497830	3547830	49149	25877	459	17210
chr1A_WhJag	3547799	3597799	49433	39135	405	5435
chr1A_WhJag	3597768	3647768	47793	29936	500	12194
chr1A_WhJag	3647737	3697737	48781	28319	473	14666
chr1A_WhJag	3697706	3747706	48354	39634	299	5658
chr1A_WhJag	3747675	3797675	49970	38026	500	8474
chr1A_WhJag	3797644	3847644	49060	43556	308	4686
chr1A_WhJag	3847613	3897613	48425	45141	228	3588
chr1A_WhJag	3897582	3947582	47984	40041	302	3694
chr1A_WhJag	3947551	3997551	49204	43247	265	3131
chr1A_WhJag	3997520	4047520	48384	42467	329	4743
chr1A_WhJag	4047489	4097489	48435	43620	226	3166
chr1A_WhJag	4097458	4147458	49308	49162	11	173
chr1A_WhJag	4147427	4197427	49059	44186	222	2888
chr1A_WhJag	4197396	4247396	49044	40342	347	4603
chr1A_WhJag	4247365	4297365	45365	37980	277	6423
chr1A_WhJag	4297334	4347334	47215	22380	413	18299
chr1A_WhJag	4347303	4397303	48963	42756	264	2869
chr1A_WhJag	4397272	4447272	48212	44770	166	1862
chr1A_WhJag	4447241	4497241	47733	43540	198	2374
chr1A_WhJag	4497210	4547210	49767	49571	16	274
chr1A_WhJag	4547179	4597179	46326	39089	200	4137
chr1A_WhJag	4597148	4647148	48181	39200	271	6113
chr1A_WhJag	4647117	4697117	41433	37253	210	3504
chr1A_WhJag	4697086	4747086	48842	45223	243	3787
chr1A_WhJag	4747055	4797055	48643	39840	321	6039
chr1A_WhJag	4797024	4847024	49197	46560	177	2820
chr1A_WhJag	4846993	4896993	49663	38405	385	5457
chr1A_WhJag	4896962	4946962	48745	38771	448	7221
chr1A_WhJag	4946931	4996931	49629	38662	526	8210
chr1A_WhJag	4996900	5046900	48939	33501	358	9070
chr1A_WhJag	5046869	5096869	46722	26676	468	13488
chr1A_WhJag	5096838	5146838	48624	24321	544	16375
chr1A_WhJag	5146807	5196807	49071	36343	368	8938
chr1A_WhJag	5196776	5246776	49548	26127	675	14203
chr1A_WhJag	5246745	5296745	49023	34983	373	10887
chr1A_WhJag	5296714	5346714	48754	36799	461	8398
chr1A_WhJag	5346683	5396683	49636	37740	387	8807
chr1A_WhJag	5396652	5446652	49315	23544	546	17697
chr1A_WhJag	5446621	5496621	48948	37568	495	9545
chr1A_WhJag	5496590	5546590	48847	25575	537	16321
chr1A_WhJag	5546559	5596559	47551	27108	410	15355
chr1A_WhJag	5596528	5646528	49427	32770	426	13631
chr1A_WhJag	5646497	5696497	48310	32751	348	11627
chr1A_WhJag	5696466	5746466	49242	25358	454	18254
chr1A_WhJag	5746435	5796435	49518	28805	500	15143
chr1A_WhJag	5796404	5846404	49213	34696	326	11703
chr1A_WhJag	5846373	5896373	49277	21599	502	22007
chr1A_WhJag	5896342	5946342	49693	32484	524	14080
chr1A_WhJag	5946311	5996311	48078	33813	429	11611
chr1A_WhJag	5996280	6046280	49074	35909	509	9885
chr1A_WhJag	6046249	6096249	48682	34266	440	11305
chr1A_WhJag	6096218	6146218	49342	35060	474	12025
chr1A_WhJag	6146187	6196187	49970	40593	466	7056
chr1A_WhJag	6196156	6246156	48680	22429	461	20433
chr1A_WhJag	6246125	6296125	47883	14243	321	30496
chr1A_WhJag	6296094	6346094	49165	21927	234	25491
chr1A_WhJag	6346063	6396063	48096	21509	314	22123
chr1A_WhJag	6396032	6446032	45919	28927	451	14629
chr1A_WhJag	6446001	6496001	48897	38009	420	9282
chr1A_WhJag	6495970	6545970	49380	32747	656	12454
chr1A_WhJag	6545939	6595939	47140	35543	322	8532
chr1A_WhJag	6595908	6645908	48880	47910	37	565
chr1A_WhJag	6645877	6695877	48699	48383	16	184
chr1A_WhJag	6695846	6745846	47955	47726	17	272
chr1A_WhJag	6745815	6795815	48893	48598	19	313
chr1A_WhJag	6795784	6845784	47831	47456	16	244
chr1A_WhJag	6845753	6895753	45090	44774	16	157
chr1A_WhJag	6895722	6945722	48950	48523	24	327
chr1A_WhJag	6945691	6995691	47856	47299	30	444
chr1A_WhJag	6995660	7045660	47121	46826	25	430
chr1A_WhJag	7045629	7095629	48504	47943	29	361
chr1A_WhJag	7095598	7145598	48549	47942	30	460
chr1A_WhJag	7145567	7195567	49093	48826	14	178
chr1A_WhJag	7195536	7245536	48651	45799	112	1269
chr1A_WhJag	7245505	7295505	48229	44416	170	2089
chr1A_WhJag	7295474	7345474	49374	43983	193	1951
chr1A_WhJag	7345443	7395443	48016	47789	13	159
chr1A_WhJag	7395412	7445412	49970	49622	22	347
chr1A_WhJag	7445381	7495381	49528	49357	11	157
chr1A_WhJag	7495350	7545350	49402	49293	11	210
chr1A_WhJag	7545319	7595319	49529	49160	22	284
chr1A_WhJag	7595288	7645288	49970	49797	13	204
chr1A_WhJag	7645257	7695257	49108	48882	17	267
chr1A_WhJag	7695226	7745226	48761	48126	30	509
chr1A_WhJag	7745195	7795195	49398	49343	4	61
chr1A_WhJag	7795164	7845164	49970	49552	18	167
chr1A_WhJag	7845133	7895133	49537	49086	27	392
chr1A_WhJag	7895102	7945102	49970	49806	8	77
chr1A_WhJag	7945071	7995071	49970	49809	20	422
chr1A_WhJag	7995040	8045040	46726	46510	10	114
chr1A_WhJag	8045009	8095009	47723	47447	17	222
chr1A_WhJag	8094978	8144978	49253	49017	25	495
chr1A_WhJag	8144947	8194947	48031	47727	22	343
chr1A_WhJag	8194916	8244916	48724	48474	14	231
chr1A_WhJag	8244885	8294885	43171	43085	4	40
chr1A_WhJag	8294854	8344854	49298	48438	35	664
chr1A_WhJag	8344823	8394823	49970	35625	317	9325
chr1A_WhJag	8394792	8444792	49746	47016	119	1227
chr1A_WhJag	8444761	8494761	48811	46041	168	2449
chr1A_WhJag	8494730	8544730	49330	45509	141	851
chr1A_WhJag	8544699	8594699	49286	46504	119	1044
chr1A_WhJag	8594668	8644668	47846	44849	129	1011
chr1A_WhJag	8644637	8694637	49333	46227	161	1882
chr1A_WhJag	8694606	8744606	48785	38400	358	6015
chr1A_WhJag	8744575	8794575	49228	44304	259	4062
chr1A_WhJag	8794544	8844544	49654	49173	33	499
chr1A_WhJag	8844513	8894513	49125	48868	17	247
chr1A_WhJag	8894482	8944482	48514	48349	15	279
chr1A_WhJag	8944451	8994451	48865	48669	12	158
chr1A_WhJag	8994420	9044420	49572	49210	26	404
chr1A_WhJag	9044389	9094389	47795	46884	61	1009
chr1A_WhJag	9094358	9144358	49211	48957	13	132
chr1A_WhJag	9144327	9194327	49672	45430	146	1747
chr1A_WhJag	9194296	9244296	49124	26881	534	12753
chr1A_WhJag	9244265	9294265	48687	20271	537	17142
chr1A_WhJag	9294234	9344234	48891	33776	342	11222
chr1A_WhJag	9344203	9394203	48932	13605	488	25236
chr1A_WhJag	9394172	9444172	49348	42855	353	6146
chr1A_WhJag	9444141	9494141	49861	30069	479	15099
chr1A_WhJag	9494110	9544110	46803	37259	425	8249
chr1A_WhJag	9544079	9594079	49176	20922	475	20589
chr1A_WhJag	9594048	9644048	48110	18707	364	23546
chr1A_WhJag	9644017	9694017	46068	35201	312	7629
chr1A_WhJag	9693986	9743986	49553	35043	378	9880
chr1A_WhJag	9743955	9793955	47588	34455	401	6142
chr1A_WhJag	9793924	9843924	49970	45368	239	3347
chr1A_WhJag	9843893	9893893	49704	43826	311	4140
chr1A_WhJag	9893862	9943862	48567	38558	356	4289
chr1A_WhJag	9943831	9993831	48529	26056	425	16893
chr1A_WhJag	9993800	10043800	49621	34072	354	9980
chr1A_WhJag	10043769	10093769	48822	39542	248	6049
chr1A_WhJag	10093738	10143738	49101	26165	616	11653
chr1A_WhJag	10143707	10193707	49099	20260	609	16037
chr1A_WhJag	10193676	10243676	48984	40988	467	7225
chr1A_WhJag	10243645	10293645	49970	41877	450	6725
chr1A_WhJag	10293614	10343614	48800	32316	482	12291
chr1A_WhJag	10343583	10393583	48668	34871	418	7958
chr1A_WhJag	10393552	10443552	49361	21786	374	22578
chr1A_WhJag	10443521	10493521	47160	36925	309	8332
chr1A_WhJag	10493490	10543490	39671	25866	336	12586
chr1A_WhJag	10543459	10593459	43546	26951	211	15497
chr1A_WhJag	10593428	10643428	47257	30395	424	15755
chr1A_WhJag	10643397	10693397	46248	33956	237	10421
chr1A_WhJag	10693366	10743366	46853	41267	303	4951
chr1A_WhJag	10743335	10793335	47685	40187	324	5328
chr1A_WhJag	10793304	10843304	49385	45619	173	2160
chr1A_WhJag	10843273	10893273	48865	40220	317	4440
chr1A_WhJag	10893242	10943242	49390	40157	467	6888
chr1A_WhJag	10943211	10993211	46346	36751	422	5806
chr1A_WhJag	10993180	11043180	49271	39075	305	8137
chr1A_WhJag	11043149	11093149	48807	40826	397	5935
chr1A_WhJag	11093118	11143118	47374	35262	398	7363
chr1A_WhJag	11143087	11193087	47997	37562	402	5240
chr1A_WhJag	11193056	11243056	49729	43122	285	4209
chr1A_WhJag	11243025	11293025	48886	35403	451	7173
chr1A_WhJag	11292994	11342994	47377	33521	444	9385
chr1A_WhJag	11342963	11392963	46288	28118	453	13260
chr1A_WhJag	11392932	11442932	42317	33572	266	6534
chr1A_WhJag	11442901	11492901	49970	49727	14	259
chr1A_WhJag	11492870	11542870	48819	48414	24	332
chr1A_WhJag	11542839	11592839	49727	48700	51	591
chr1A_WhJag	11592808	11642808	49208	41646	311	3898
chr1A_WhJag	11642777	11692777	49526	39145	443	5992
chr1A_WhJag	11692746	11742746	49372	40968	345	4349
chr1A_WhJag	11742715	11792715	48710	44109	225	3003
chr1A_WhJag	11792684	11842684	48282	47232	44	586
chr1A_WhJag	11842653	11892653	49226	48534	34	564
chr1A_WhJag	11892622	11942622	49195	48747	24	318
chr1A_WhJag	11942591	11992591	49468	49223	22	396
chr1A_WhJag	11992560	12042560	48551	48106	25	305
chr1A_WhJag	12042529	12092529	47950	42345	213	3850
chr1A_WhJag	12092498	12142498	48827	42616	274	3993
chr1A_WhJag	12142467	12192467	48926	40526	337	4539
chr1A_WhJag	12192436	12242436	49361	41543	397	5990
chr1A_WhJag	12242405	12292405	48773	40617	401	6046
chr1A_WhJag	12292374	12342374	49440	42805	393	5905
chr1A_WhJag	12342343	12392343	49197	34970	395	8556
chr1A_WhJag	12392312	12442312	48629	46025	161	2401
chr1A_WhJag	12442281	12492281	35567	30137	257	3000
chr1A_WhJag	12492250	12542250	31538	28605	188	2892
chr1A_WhJag	12542219	12592219	45077	40535	249	3572
chr1A_WhJag	12592188	12642188	48744	44692	235	3476
chr1A_WhJag	12642157	12692157	49718	45775	164	2445
chr1A_WhJag	12692126	12742126	49150	48864	19	336
chr1A_WhJag	12742095	12792095	48873	48466	19	229
chr1A_WhJag	12792064	12842064	49680	49375	16	250
chr1A_WhJag	12842033	12892033	49825	49405	28	471
chr1A_WhJag	12892002	12942002	48531	48397	10	162
chr1A_WhJag	12941971	12991971	49133	48733	19	308
chr1A_WhJag	12991940	13041940	49970	49915	6	119
chr1A_WhJag	13041909	13091909	48317	47496	28	665
chr1A_WhJag	13091878	13141878	49515	49071	21	192
chr1A_WhJag	13141847	13191847	49970	49671	14	153
chr1A_WhJag	13191816	13241816	49316	48934	20	215
chr1A_WhJag	13241785	13291785	49281	48948	20	256
chr1A_WhJag	13291754	13341754	49397	49208	12	173
chr1A_WhJag	13341723	13391723	48987	48721	15	180
chr1A_WhJag	13391692	13441692	48956	48685	21	344
chr1A_WhJag	13441661	13491661	49647	49270	22	301
chr1A_WhJag	13491630	13541630	46794	46489	16	206
chr1A_WhJag	13541599	13591599	48624	47916	27	427
chr1A_WhJag	13591568	13641568	49244	41191	201	4294
chr1A_WhJag	13641537	13691537	49639	49201	29	415
chr1A_WhJag	13691506	13741506	47447	47022	23	263
chr1A_WhJag	13741475	13791475	48924	48396	29	384
chr1A_WhJag	13791444	13841444	48516	48356	18	362
chr1A_WhJag	13841413	13891413	49199	48719	25	412
chr1A_WhJag	13891382	13941382	48412	42569	265	3309
chr1A_WhJag	13941351	13991351	47555	40015	277	4187
chr1A_WhJag	13991320	14041320	49022	39248	342	5067
chr1A_WhJag	14041289	14091289	48858	46391	127	1499
chr1A_WhJag	14091258	14141258	49631	44782	182	1807
chr1A_WhJag	14141227	14191227	48687	43285	281	4076
chr1A_WhJag	14191196	14241196	49500	43967	265	4069
chr1A_WhJag	14241165	14291165	48827	45546	224	3847
chr1A_WhJag	14291134	14341134	48233	40933	331	4943
chr1A_WhJag	14341103	14391103	49399	41322	416	5982
chr1A_WhJag	14391072	14441072	49429	42631	240	3000
chr1A_WhJag	14441041	14491041	49706	39128	358	5244
chr1A_WhJag	14491010	14541010	49451	30645	388	13732
chr1A_WhJag	14540979	14590979	48391	37976	352	5702
chr1A_WhJag	14590948	14640948	49686	36795	613	9349
chr1A_WhJag	14640917	14690917	49030	37811	491	8514
chr1A_WhJag	14690886	14740886	49220	29093	580	11260
chr1A_WhJag	14740855	14790855	47283	29227	569	10721
chr1A_WhJag	14790824	14840824	48717	31499	618	9470
chr1A_WhJag	14840793	14890793	47967	40835	421	6706
chr1A_WhJag	14890762	14940762	49145	42903	373	6133
chr1A_WhJag	14940731	14990731	48021	31840	546	10742
chr1A_WhJag	14990700	15040700	44805	35869	502	7917
chr1A_WhJag	15040669	15090669	48909	41503	287	4821
chr1A_WhJag	15090638	15140638	49460	34684	359	8421
chr1A_WhJag	15140607	15190607	49930	39274	536	8974
chr1A_WhJag	15190576	15240576	49970	28804	493	13747
chr1A_WhJag	15240545	15290545	48769	27603	390	15212
chr1A_WhJag	15290514	15340514	49731	27066	394	17087
chr1A_WhJag	15340483	15390483	47091	25682	444	15987
chr1A_WhJag	15390452	15440452	48725	34067	540	9118
chr1A_WhJag	15440421	15490421	47594	30435	620	10118
chr1A_WhJag	15490390	15540390	46197	34853	460	6861
chr1A_WhJag	15540359	15590359	49107	24608	493	17500
chr1A_WhJag	15590328	15640328	48956	30014	520	13100
chr1A_WhJag	15640297	15690297	49083	36847	429	9575
chr1A_WhJag	15690266	15740266	48246	31242	432	12169
chr1A_WhJag	15740235	15790235	45667	30858	303	12017
chr1A_WhJag	15790204	15840204	48230	35965	470	7928
chr1A_WhJag	15840173	15890173	49970	42116	365	4960
chr1A_WhJag	15890142	15940142	48662	35886	517	8603
chr1A_WhJag	15940111	15990111	46749	33929	362	9787
chr1A_WhJag	15990080	16040080	47999	37337	422	6503
chr1A_WhJag	16040049	16090049	49573	30604	533	12926
chr1A_WhJag	16090018	16140018	49229	24307	557	17716
chr1A_WhJag	16139987	16189987	49523	26438	572	14148
chr1A_WhJag	16189956	16239956	49574	18360	649	19918
chr1A_WhJag	16239925	16289925	48961	29304	555	13720
chr1A_WhJag	16289894	16339894	49970	40294	350	5557
chr1A_WhJag	16339863	16389863	49000	48080	46	675
chr1A_WhJag	16389832	16439832	49840	49041	47	590
chr1A_WhJag	16439801	16489801	49737	49268	34	640
chr1A_WhJag	16489770	16539770	49413	48642	54	821
chr1A_WhJag	16539739	16589739	47944	47195	41	476
chr1A_WhJag	16589708	16639708	49930	49561	36	678
chr1A_WhJag	16639677	16689677	49970	42594	273	3445
chr1A_WhJag	16689646	16739646	48108	47635	31	449
chr1A_WhJag	16739615	16789615	49664	48913	44	583
chr1A_WhJag	16789584	16839584	49970	49211	49	680
chr1A_WhJag	16839553	16889553	48055	46881	87	1387
chr1A_WhJag	16889522	16939522	49890	48994	69	1120
chr1A_WhJag	16939491	16989491	48724	47917	55	821
chr1A_WhJag	16989460	17039460	48933	48247	46	687
chr1A_WhJag	17039429	17089429	49039	48448	37	502
chr1A_WhJag	17089398	17139398	49583	49032	33	482
chr1A_WhJag	17139367	17189367	46102	45409	48	723
chr1A_WhJag	17189336	17239336	49970	49230	46	636
chr1A_WhJag	17239305	17289305	48514	47716	48	629
chr1A_WhJag	17289274	17339274	49174	48273	54	731
chr1A_WhJag	17339243	17389243	48932	48323	45	712
chr1A_WhJag	17389212	17439212	49632	49184	27	422
chr1A_WhJag	17439181	17489181	46908	46196	41	498
chr1A_WhJag	17489150	17539150	49445	48745	44	619
chr1A_WhJag	17539119	17589119	49779	49318	37	615
chr1A_WhJag	17589088	17639088	47349	46921	21	208
chr1A_WhJag	17639057	17689057	48919	47906	62	929
chr1A_WhJag	17689026	17739026	49590	49047	30	359
chr1A_WhJag	17738995	17788995	48890	47862	43	880
chr1A_WhJag	17788964	17838964	49232	48536	37	487
chr1A_WhJag	17838933	17888933	48434	47984	39	701
chr1A_WhJag	17888902	17938902	49674	48641	67	1075
chr1A_WhJag	17938871	17988871	49970	49198	57	893
chr1A_WhJag	17988840	18038840	46520	45826	49	750
chr1A_WhJag	18038809	18088809	47045	46520	40	656
chr1A_WhJag	18088778	18138778	49289	48649	35	438
chr1A_WhJag	18138747	18188747	41325	41091	23	439
chr1A_WhJag	18188716	18238716	47135	46819	16	163
chr1A_WhJag	18238685	18288685	46485	46037	28	375
chr1A_WhJag	18288654	18338654	47272	46934	20	260
chr1A_WhJag	18338623	18388623	43691	42954	35	431
chr1A_WhJag	18388592	18438592	49245	48317	54	716
chr1A_WhJag	18438561	18488561	48666	47668	61	917
chr1A_WhJag	18488530	18538530	46694	45870	53	770
chr1A_WhJag	18538499	18588499	46459	45989	29	396
chr1A_WhJag	18588468	18638468	48604	48033	28	508
chr1A_WhJag	18638437	18688437	49309	48867	24	275
chr1A_WhJag	18688406	18738406	49542	48908	36	430
chr1A_WhJag	18738375	18788375	48676	48030	40	667
chr1A_WhJag	18788344	18838344	46703	46114	45	743
chr1A_WhJag	18838313	18888313	47965	47017	44	492
chr1A_WhJag	18888282	18938282	46425	45838	39	627
chr1A_WhJag	18938251	18988251	48164	44499	137	2475
chr1A_WhJag	18988220	19038220	49426	47312	90	1247
chr1A_WhJag	19038189	19088189	48424	45459	131	2035
chr1A_WhJag	19088158	19138158	48311	40780	379	5256
chr1A_WhJag	19138127	19188127	49577	44914	293	4722
chr1A_WhJag	19188096	19238096	46634	40053	255	3492
chr1A_WhJag	19238065	19288065	49529	42796	252	2856
chr1A_WhJag	19288034	19338034	46744	40711	316	4355
chr1A_WhJag	19338003	19388003	49570	43159	327	4100
chr1A_WhJag	19387972	19437972	49445	45214	258	3742
chr1A_WhJag	19437941	19487941	49551	43988	319	4632
chr1A_WhJag	19487910	19537910	49671	42869	367	5176
chr1A_WhJag	19537879	19587879	49378	43921	262	3162
chr1A_WhJag	19587848	19637848	49017	43239	301	4035
chr1A_WhJag	19637817	19687817	49636	48763	33	374
chr1A_WhJag	19687786	19737786	49610	47871	62	786
chr1A_WhJag	19737755	19787755	48486	40364	305	3477
chr1A_WhJag	19787724	19837724	46342	39542	283	3086
chr1A_WhJag	19837693	19887693	49613	43600	239	2374
chr1A_WhJag	19887662	19937662	49900	44381	222	1869
chr1A_WhJag	19937631	19987631	49559	35291	468	5806
chr1A_WhJag	19987600	20037600	48106	41588	311	4068
chr1A_WhJag	20037569	20087569	48553	32968	486	9331
chr1A_WhJag	20087538	20137538	45289	26179	484	15156
chr1A_WhJag	20137507	20187507	48687	33983	332	8383
chr1A_WhJag	20187476	20237476	49519	39718	179	6988
chr1A_WhJag	20237445	20287445	49102	48686	23	309
chr1A_WhJag	20287414	20337414	49590	49342	15	248
chr1A_WhJag	20337383	20387383	41191	37572	179	2311
chr1A_WhJag	20387352	20437352	48608	39713	389	5308
chr1A_WhJag	20437321	20487321	47255	40288	301	3465
chr1A_WhJag	20487290	20537290	47305	40775	205	3523
chr1A_WhJag	20537259	20587259	45153	37845	307	4331
chr1A_WhJag	20587228	20637228	49147	43538	216	2306
chr1A_WhJag	20637197	20687197	49005	39375	341	4730
chr1A_WhJag	20687166	20737166	48765	39769	398	4983
chr1A_WhJag	20737135	20787135	49447	49226	21	409
chr1A_WhJag	20787104	20837104	49729	49571	9	109
chr1A_WhJag	20837073	20887073	49695	49016	36	533
chr1A_WhJag	20887042	20937042	49970	49409	31	370
chr1A_WhJag	20937011	20987011	49373	49274	11	225
chr1A_WhJag	20986980	21036980	49100	48616	28	352
chr1A_WhJag	21036949	21086949	47803	47451	26	413
chr1A_WhJag	21086918	21136918	49970	49598	26	390
chr1A_WhJag	21136887	21186887	49041	48758	19	285
chr1A_WhJag	21186856	21236856	49120	48787	21	285
chr1A_WhJag	21236825	21286825	49002	48630	13	126
chr1A_WhJag	21286794	21336794	49371	48205	48	701
chr1A_WhJag	21336763	21386763	49634	42272	301	3565
chr1A_WhJag	21386732	21436732	49645	39749	400	5493
chr1A_WhJag	21436701	21486701	48468	41051	390	6546
chr1A_WhJag	21486670	21536670	49121	44124	266	3511
chr1A_WhJag	21536639	21586639	48814	43996	228	3067
chr1A_WhJag	21586608	21636608	48691	39492	374	4609
chr1A_WhJag	21636577	21686577	49449	41334	398	5307
chr1A_WhJag	21686546	21736546	49970	42723	343	4304
chr1A_WhJag	21736515	21786515	47085	28664	382	13181
chr1A_WhJag	21786484	21836484	48702	39896	335	3629
chr1A_WhJag	21836453	21886453	49030	41244	277	2463
chr1A_WhJag	21886422	21936422	49849	41009	334	3594
chr1A_WhJag	21936391	21986391	48378	42846	262	3075
chr1A_WhJag	21986360	22036360	48309	39398	325	3321
chr1A_WhJag	22036329	22086329	44496	39062	274	3793
chr1A_WhJag	22086298	22136298	48778	37544	432	5633
chr1A_WhJag	22136267	22186267	48521	41249	276	2788
chr1A_WhJag	22186236	22236236	49970	48468	73	1135
chr1A_WhJag	22236205	22286205	49355	49212	11	185
chr1A_WhJag	22286174	22336174	47591	46870	37	562
chr1A_WhJag	22336143	22386143	49381	49341	6	134
chr1A_WhJag	22386112	22436112	49970	49858	11	207
chr1A_WhJag	22436081	22486081	49064	48917	13	230
chr1A_WhJag	22486050	22536050	49970	49804	15	278
chr1A_WhJag	22536019	22586019	47969	47849	11	199
chr1A_WhJag	22585988	22635988	49276	48960	19	303
chr1A_WhJag	22635957	22685957	49468	49325	10	153
chr1A_WhJag	22685926	22735926	49825	49497	23	490
chr1A_WhJag	22735895	22785895	49822	49554	19	291
chr1A_WhJag	22785864	22835864	49545	49449	9	174
chr1A_WhJag	22835833	22885833	49970	49854	11	206
chr1A_WhJag	22885802	22935802	49970	49884	6	94
chr1A_WhJag	22935771	22985771	48749	48410	15	268
chr1A_WhJag	22985740	23035740	49970	49891	8	156
chr1A_WhJag	23035709	23085709	49785	49502	21	399
chr1A_WhJag	23085678	23135678	49751	49109	33	510
chr1A_WhJag	23135647	23185647	49644	44830	220	2481
chr1A_WhJag	23185616	23235616	49299	42787	291	3678
chr1A_WhJag	23235585	23285585	49410	44943	205	2508
chr1A_WhJag	23285554	23335554	49331	44104	270	3702
chr1A_WhJag	23335523	23385523	49728	44361	245	3628
chr1A_WhJag	23385492	23435492	49970	39266	411	5430
chr1A_WhJag	23435461	23485461	49225	42771	304	4856
chr1A_WhJag	23485430	23535430	49429	42906	340	4939
chr1A_WhJag	23535399	23585399	49970	46977	161	2083
chr1A_WhJag	23585368	23635368	48757	44965	236	3616
chr1A_WhJag	23635337	23685337	49740	44698	325	4998
chr1A_WhJag	23685306	23735306	49104	43843	307	4579
chr1A_WhJag	23735275	23785275	49713	43885	393	6281
chr1A_WhJag	23785244	23835244	49505	43818	349	4937
chr1A_WhJag	23835213	23885213	46011	41800	270	4127
chr1A_WhJag	23885182	23935182	48422	41659	304	4577
chr1A_WhJag	23935151	23985151	49403	42286	333	4466
chr1A_WhJag	23985120	24035120	49784	44111	341	5383
chr1A_WhJag	24035089	24085089	48764	40502	427	7040
chr1A_WhJag	24085058	24135058	48068	41154	298	5504
chr1A_WhJag	24135027	24185027	49071	48842	22	415
chr1A_WhJag	24184996	24234996	49504	49120	21	273
chr1A_WhJag	24234965	24284965	48820	48322	32	536
chr1A_WhJag	24284934	24334934	49970	49735	18	295
chr1A_WhJag	24334903	24384903	49698	47748	77	1126
chr1A_WhJag	24384872	24434872	49397	49187	13	167
chr1A_WhJag	24434841	24484841	49970	49731	18	324
chr1A_WhJag	24484810	24534810	48889	48478	22	250
chr1A_WhJag	24534779	24584779	48097	47659	26	472
chr1A_WhJag	24584748	24634748	49418	49129	12	247
chr1A_WhJag	24634717	24684717	49464	49321	14	266
chr1A_WhJag	24684686	24734686	49628	49234	23	282
chr1A_WhJag	24734655	24784655	49534	49170	21	263
chr1A_WhJag	24784624	24834624	48088	47664	35	605
chr1A_WhJag	24834593	24884593	48928	48649	18	280
chr1A_WhJag	24884562	24934562	49285	48966	21	308
chr1A_WhJag	24934531	24984531	49681	49139	26	274
chr1A_WhJag	24984500	25034500	49970	49600	19	264
chr1A_WhJag	25034469	25084469	49970	49756	11	138
chr1A_WhJag	25084438	25134438	49970	49749	12	133
chr1A_WhJag	25134407	25184407	48864	48607	19	304
chr1A_WhJag	25184376	25234376	49392	49023	19	260
chr1A_WhJag	25234345	25284345	49607	49256	20	259
chr1A_WhJag	25284314	25334314	49594	49221	30	509
chr1A_WhJag	25334283	25384283	48707	48368	22	313
chr1A_WhJag	25384252	25434252	49970	49652	23	352
chr1A_WhJag	25434221	25484221	49624	49412	17	287
chr1A_WhJag	25484190	25534190	43953	43734	21	393
chr1A_WhJag	25534159	25584159	49482	49306	18	346
chr1A_WhJag	25584128	25634128	49485	49037	31	472
chr1A_WhJag	25634097	25684097	49614	49450	10	132
chr1A_WhJag	25684066	25734066	49970	49899	6	106
chr1A_WhJag	25734035	25784035	49639	49365	21	344
chr1A_WhJag	25784004	25834004	49721	49500	15	220
chr1A_WhJag	25833973	25883973	48857	48436	23	399
chr1A_WhJag	25883942	25933942	49280	48735	28	381
chr1A_WhJag	25933911	25983911	49308	48837	23	299
chr1A_WhJag	25983880	26033880	49160	41703	106	5589
chr1A_WhJag	26033849	26083849	49247	41469	333	4183
chr1A_WhJag	26083818	26133818	49274	45963	224	3549
chr1A_WhJag	26133787	26183787	49970	43564	328	4557
chr1A_WhJag	26183756	26233756	49970	41021	480	7395
chr1A_WhJag	26233725	26283725	49970	42397	446	7558
chr1A_WhJag	26283694	26333694	49970	45855	286	4724
chr1A_WhJag	26333663	26383663	49641	46524	214	3408
chr1A_WhJag	26383632	26433632	49264	41524	423	6132
chr1A_WhJag	26433601	26483601	49463	43419	356	5417
chr1A_WhJag	26483570	26533570	49401	42085	415	6395
chr1A_WhJag	26533539	26583539	47339	37261	543	8799
chr1A_WhJag	26583508	26633508	48683	39237	529	8148
chr1A_WhJag	26633477	26683477	49970	44712	367	6077
chr1A_WhJag	26683446	26733446	49739	41145	490	7943
chr1A_WhJag	26733415	26783415	49612	41889	387	5620
chr1A_WhJag	26783384	26833384	49970	43174	381	5692
chr1A_WhJag	26833353	26883353	44617	34311	562	8547
chr1A_WhJag	26883322	26933322	48748	39744	447	6413
chr1A_WhJag	26933291	26983291	49840	44532	348	5489
chr1A_WhJag	26983260	27033260	49485	37604	453	5978
chr1A_WhJag	27033229	27083229	49390	36638	457	11068
chr1A_WhJag	27083198	27133198	49831	43050	380	6239
chr1A_WhJag	27133167	27183167	48511	42791	253	3607
chr1A_WhJag	27183136	27233136	49035	45449	260	4244
chr1A_WhJag	27233105	27283105	49653	38546	322	5769
chr1A_WhJag	27283074	27333074	48233	41535	324	4491
chr1A_WhJag	27333043	27383043	48777	39971	256	5889
chr1A_WhJag	27383012	27433012	49477	40892	341	5235
chr1A_WhJag	27432981	27482981	49823	42786	350	4631
chr1A_WhJag	27482950	27532950	49970	42984	359	4267
chr1A_WhJag	27532919	27582919	49670	38006	415	5343
chr1A_WhJag	27582888	27632888	48845	40971	318	4748
chr1A_WhJag	27632857	27682857	49158	40275	345	3586
chr1A_WhJag	27682826	27732826	49970	46359	245	4072
chr1A_WhJag	27732795	27782795	48883	45021	190	2368
chr1A_WhJag	27782764	27832764	49374	41237	270	5251
chr1A_WhJag	27832733	27882733	48885	34567	358	10014
chr1A_WhJag	27882702	27932702	46499	39695	257	3105
chr1A_WhJag	27932671	27982671	49970	47749	175	2956
chr1A_WhJag	27982640	28032640	49529	40485	498	7727
chr1A_WhJag	28032609	28082609	49375	42574	378	6192
chr1A_WhJag	28082578	28132578	49772	41471	461	6750
chr1A_WhJag	28132547	28182547	49970	42859	436	7163
chr1A_WhJag	28182516	28232516	49373	46102	238	3984
chr1A_WhJag	28232485	28282485	49679	44752	281	3997
chr1A_WhJag	28282454	28332454	47855	43165	333	5643
chr1A_WhJag	28332423	28382423	49549	45782	230	3252
chr1A_WhJag	28382392	28432392	49970	45977	234	3309
chr1A_WhJag	28432361	28482361	49843	35457	447	9547
chr1A_WhJag	28482330	28532330	48408	39385	329	5304
chr1A_WhJag	28532299	28582299	49335	46264	185	2585
chr1A_WhJag	28582268	28632268	49970	45130	240	2850
chr1A_WhJag	28632237	28682237	48970	40949	388	5271
chr1A_WhJag	28682206	28732206	49557	45405	270	4244
chr1A_WhJag	28732175	28782175	48700	35915	369	8181
chr1A_WhJag	28782144	28832144	48796	37797	423	6546
chr1A_WhJag	28832113	28882113	49970	46210	226	3621
chr1A_WhJag	28882082	28932082	49740	40771	364	6004
chr1A_WhJag	28932051	28982051	48431	38857	342	3392
chr1A_WhJag	28982020	29032020	49970	42768	297	3869
chr1A_WhJag	29031989	29081989	49055	42860	249	2741
chr1A_WhJag	29081958	29131958	49490	44765	263	3768
chr1A_WhJag	29131927	29181927	49247	43897	272	3803
chr1A_WhJag	29181896	29231896	48775	43696	301	4587
chr1A_WhJag	29231865	29281865	47823	39885	305	3378
chr1A_WhJag	29281834	29331834	48737	41989	369	5269
chr1A_WhJag	29331803	29381803	48429	40449	378	5632
chr1A_WhJag	29381772	29431772	49239	44636	305	4688
chr1A_WhJag	29431741	29481741	49330	42550	372	5801
chr1A_WhJag	29481710	29531710	48632	43109	221	3132
chr1A_WhJag	29531679	29581679	49849	43464	309	4652
chr1A_WhJag	29581648	29631648	48589	43139	209	3026
chr1A_WhJag	29631617	29681617	49970	45260	263	3893
chr1A_WhJag	29681586	29731586	48286	42636	315	4648
chr1A_WhJag	29731555	29781555	49471	39374	424	6417
chr1A_WhJag	29781524	29831524	48617	39745	492	7837
chr1A_WhJag	29831493	29881493	49412	38660	435	6296
chr1A_WhJag	29881462	29931462	49251	42394	255	5199
chr1A_WhJag	29931431	29981431	49700	46732	194	3134
chr1A_WhJag	29981400	30031400	49765	49558	19	350
chr1A_WhJag	30031369	30081369	49003	48546	34	555
chr1A_WhJag	30081338	30131338	48803	48542	19	298
chr1A_WhJag	30131307	30181307	49970	49821	16	315
chr1A_WhJag	30181276	30231276	48848	48394	30	474
chr1A_WhJag	30231245	30281245	49427	49148	29	562
chr1A_WhJag	30281214	30331214	49970	49678	22	355
chr1A_WhJag	30331183	30381183	49560	49394	14	246
chr1A_WhJag	30381152	30431152	49788	49634	8	125
chr1A_WhJag	30431121	30481121	49970	49717	17	249
chr1A_WhJag	30481090	30531090	49154	48841	18	312
chr1A_WhJag	30531059	30581059	49574	49165	24	310
chr1A_WhJag	30581028	30631028	49787	49367	27	381
chr1A_WhJag	30630997	30680997	47831	47270	24	238
chr1A_WhJag	30680966	30730966	47143	46732	25	353
chr1A_WhJag	30730935	30780935	48858	48565	21	326
chr1A_WhJag	30780904	30830904	49120	48778	18	218
chr1A_WhJag	30830873	30880873	49592	49382	15	258
chr1A_WhJag	30880842	30930842	49697	49452	19	306
chr1A_WhJag	30930811	30980811	49436	49132	19	301
chr1A_WhJag	30980780	31030780	49194	48870	24	424
chr1A_WhJag	31030749	31080749	49373	49105	17	231
chr1A_WhJag	31080718	31130718	49452	49305	12	208
chr1A_WhJag	31130687	31180687	46212	45814	28	429
chr1A_WhJag	31180656	31230656	48825	43708	176	1766
chr1A_WhJag	31230625	31280625	49517	43009	381	6708
chr1A_WhJag	31280594	31330594	48881	38171	388	5549
chr1A_WhJag	31330563	31380563	49970	43500	360	5383
chr1A_WhJag	31380532	31430532	49635	45442	256	3907
chr1A_WhJag	31430501	31480501	49730	42032	396	5585
chr1A_WhJag	31480470	31530470	48737	40982	376	5741
chr1A_WhJag	31530439	31580439	49296	44220	309	4775
chr1A_WhJag	31580408	31630408	49135	39126	398	4910
chr1A_WhJag	31630377	31680377	49201	41893	301	3772
chr1A_WhJag	31680346	31730346	48938	43362	296	4450
chr1A_WhJag	31730315	31780315	48834	42226	329	4308
chr1A_WhJag	31780284	31830284	45993	36942	356	4281
chr1A_WhJag	31830253	31880253	49804	45787	233	3792
chr1A_WhJag	31880222	31930222	45015	39610	279	3910
chr1A_WhJag	31930191	31980191	49371	41230	365	5136
chr1A_WhJag	31980160	32030160	48527	40327	432	6268
chr1A_WhJag	32030129	32080129	49871	41768	393	6013
chr1A_WhJag	32080098	32130098	49970	48319	59	708
chr1A_WhJag	32130067	32180067	46525	46364	13	258
chr1A_WhJag	32180036	32230036	49402	49196	15	232
chr1A_WhJag	32230005	32280005	47249	47009	21	378
chr1A_WhJag	32279974	32329974	49696	49241	28	369
chr1A_WhJag	32329943	32379943	49970	49801	10	127
chr1A_WhJag	32379912	32429912	49248	48813	23	299
chr1A_WhJag	32429881	32479881	49102	48987	13	262
chr1A_WhJag	32479850	32529850	49970	49820	8	91
chr1A_WhJag	32529819	32579819	48959	48733	15	220
chr1A_WhJag	32579788	32629788	49648	49488	15	280
chr1A_WhJag	32629757	32679757	49632	49582	5	95
chr1A_WhJag	32679726	32729726	48318	48251	9	197
chr1A_WhJag	32729695	32779695	48865	48745	10	173
chr1A_WhJag	32779664	32829664	49761	49517	23	459
chr1A_WhJag	32829633	32879633	49624	49442	14	230
chr1A_WhJag	32879602	32929602	48830	48565	22	393
chr1A_WhJag	32929571	32979571	49297	49199	6	91
chr1A_WhJag	32979540	33029540	49970	49784	10	113
chr1A_WhJag	33029509	33079509	49309	49070	17	310
chr1A_WhJag	33079478	33129478	48053	47807	16	230
chr1A_WhJag	33129447	33179447	49301	49077	12	130
chr1A_WhJag	33179416	33229416	48987	48853	10	156
chr1A_WhJag	33229385	33279385	49736	49487	16	226
chr1A_WhJag	33279354	33329354	48698	48480	14	197
chr1A_WhJag	33329323	33379323	49888	49777	13	269
chr1A_WhJag	33379292	33429292	48887	48796	10	205
chr1A_WhJag	33429261	33479261	48291	48045	18	288
chr1A_WhJag	33479230	33529230	49681	49635	4	70
chr1A_WhJag	33529199	33579199	47629	47389	21	372
chr1A_WhJag	33579168	33629168	48694	48370	18	252
chr1A_WhJag	33629137	33679137	48219	47825	30	515
chr1A_WhJag	33679106	33729106	49457	49361	9	168
chr1A_WhJag	33729075	33779075	49572	49511	3	29
chr1A_WhJag	33779044	33829044	49970	49791	14	232
chr1A_WhJag	33829013	33879013	48865	48346	23	358
chr1A_WhJag	33878982	33928982	49410	49145	13	219
chr1A_WhJag	33928951	33978951	49831	49633	17	301
chr1A_WhJag	33978920	34028920	47896	47606	19	462
chr1A_WhJag	34028889	34078889	48733	48552	8	70
chr1A_WhJag	34078858	34128858	49484	49309	9	95
chr1A_WhJag	34128827	34178827	49970	49864	13	271
chr1A_WhJag	34178796	34228796	49496	49257	13	171
chr1A_WhJag	34228765	34278765	49342	49086	14	219
chr1A_WhJag	34278734	34328734	48368	48094	16	213
chr1A_WhJag	34328703	34378703	48910	48817	6	84
chr1A_WhJag	34378672	34428672	49841	49560	18	250
chr1A_WhJag	34428641	34478641	49970	49821	14	260
chr1A_WhJag	34478610	34528610	49970	49878	6	88
chr1A_WhJag	34528579	34578579	49377	49256	12	227
chr1A_WhJag	34578548	34628548	47179	47034	12	206
chr1A_WhJag	34628517	34678517	49678	49602	6	117
chr1A_WhJag	34678486	34728486	46943	46662	10	162
chr1A_WhJag	34728455	34778455	49773	49734	4	77
chr1A_WhJag	34778424	34828424	49970	49869	13	276
chr1A_WhJag	34828393	34878393	49410	49272	10	155
chr1A_WhJag	34878362	34928362	49310	48937	18	243
chr1A_WhJag	34928331	34978331	49706	49544	13	225
chr1A_WhJag	34978300	35028300	49575	49349	15	262
chr1A_WhJag	35028269	35078269	48986	48706	30	592
chr1A_WhJag	35078238	35128238	49970	49849	8	117
chr1A_WhJag	35128207	35178207	49745	49711	4	82
chr1A_WhJag	35178176	35228176	49591	49328	18	262
chr1A_WhJag	35228145	35278145	44540	44375	11	154
chr1A_WhJag	35278114	35328114	49769	49580	13	237
chr1A_WhJag	35328083	35378083	48557	48380	11	151
chr1A_WhJag	35378052	35428052	49461	49337	12	224
chr1A_WhJag	35428021	35478021	49560	49482	6	96
chr1A_WhJag	35477990	35527990	49651	49308	22	307
chr1A_WhJag	35527959	35577959	49343	44452	217	2964
chr1A_WhJag	35577928	35627928	48656	45052	193	2554
chr1A_WhJag	35627897	35677897	49259	46833	186	3133
chr1A_WhJag	35677866	35727866	48856	46456	160	2418
chr1A_WhJag	35727835	35777835	49463	46361	184	2698
chr1A_WhJag	35777804	35827804	49970	46746	188	2737
chr1A_WhJag	35827773	35877773	47511	44413	186	2582
chr1A_WhJag	35877742	35927742	48026	45399	170	2561
chr1A_WhJag	35927711	35977711	47748	45412	137	1969
chr1A_WhJag	35977680	36027680	49970	47270	167	2317
chr1A_WhJag	36027649	36077649	49539	47144	171	2736
chr1A_WhJag	36077618	36127618	49681	47610	145	2233
chr1A_WhJag	36127587	36177587	49581	47704	114	1548
chr1A_WhJag	36177556	36227556	47373	44161	160	1929
chr1A_WhJag	36227525	36277525	48782	43485	207	2620
chr1A_WhJag	36277494	36327494	49970	44454	334	5196
chr1A_WhJag	36327463	36377463	49324	41636	349	5567
chr1A_WhJag	36377432	36427432	49250	45113	266	3854
chr1A_WhJag	36427401	36477401	49970	46917	208	3443
chr1A_WhJag	36477370	36527370	49337	43387	314	4265
chr1A_WhJag	36527339	36577339	49053	43563	313	4792
chr1A_WhJag	36577308	36627308	49970	44147	384	6093
chr1A_WhJag	36627277	36677277	49970	46082	267	4259
chr1A_WhJag	36677246	36727246	49970	44078	360	5417
chr1A_WhJag	36727215	36777215	49489	43062	381	5504
chr1A_WhJag	36777184	36827184	49970	44954	345	5635
chr1A_WhJag	36827153	36877153	49461	44560	299	4217
chr1A_WhJag	36877122	36927122	49970	44839	328	5274
chr1A_WhJag	36927091	36977091	46833	40964	292	3759
chr1A_WhJag	36977060	37027060	48994	44688	264	3954
chr1A_WhJag	37027029	37077029	48970	45013	229	3245
chr1A_WhJag	37076998	37126998	49831	45704	234	3398
chr1A_WhJag	37126967	37176967	45924	38632	314	3828
chr1A_WhJag	37176936	37226936	48961	42100	419	6318
chr1A_WhJag	37226905	37276905	49634	42651	388	5876
chr1A_WhJag	37276874	37326874	49970	39632	508	7250
chr1A_WhJag	37326843	37376843	49970	43414	356	5157
chr1A_WhJag	37376812	37426812	48054	41846	301	4419
chr1A_WhJag	37426781	37476781	48989	42175	296	4254
chr1A_WhJag	37476750	37526750	49970	42608	342	4075
chr1A_WhJag	37526719	37576719	42462	38646	230	3211
chr1A_WhJag	37576688	37626688	49069	43565	304	4417
chr1A_WhJag	37626657	37676657	49635	43525	368	5444
chr1A_WhJag	37676626	37726626	49754	43204	345	5307
chr1A_WhJag	37726595	37776595	49377	42132	432	6910
chr1A_WhJag	37776564	37826564	49827	43244	363	5241
chr1A_WhJag	37826533	37876533	49813	41713	507	8112
chr1A_WhJag	37876502	37926502	49236	38924	483	6333
chr1A_WhJag	37926471	37976471	49479	37742	555	9355
chr1A_WhJag	37976440	38026440	49667	38652	553	9160
chr1A_WhJag	38026409	38076409	47718	37663	404	5435
chr1A_WhJag	38076378	38126378	49513	44329	323	5349
chr1A_WhJag	38126347	38176347	48188	41845	374	5978
chr1A_WhJag	38176316	38226316	49044	43332	381	6553
chr1A_WhJag	38226285	38276285	48652	35803	449	8048
chr1A_WhJag	38276254	38326254	49676	41828	362	5276
chr1A_WhJag	38326223	38376223	49179	44310	310	5388
chr1A_WhJag	38376192	38426192	46790	43082	204	2935
chr1A_WhJag	38426161	38476161	49734	39206	467	6544
chr1A_WhJag	38476130	38526130	48991	40426	320	2982
chr1A_WhJag	38526099	38576099	49970	44465	352	5411
chr1A_WhJag	38576068	38626068	49332	44152	364	6066
chr1A_WhJag	38626037	38676037	49343	45235	284	4516
chr1A_WhJag	38676006	38726006	49400	41677	440	6968
chr1A_WhJag	38725975	38775975	49602	41601	367	5485
chr1A_WhJag	38775944	38825944	48924	44215	333	5546
chr1A_WhJag	38825913	38875913	49183	42632	421	6727
chr1A_WhJag	38875882	38925882	49611	40507	474	6787
chr1A_WhJag	38925851	38975851	48738	43483	357	5814
chr1A_WhJag	38975820	39025820	49074	43614	353	5794
chr1A_WhJag	39025789	39075789	49378	43382	394	6327
chr1A_WhJag	39075758	39125758	49706	45563	251	4107
chr1A_WhJag	39125727	39175727	49970	42815	400	5856
chr1A_WhJag	39175696	39225696	48775	43652	284	3897
chr1A_WhJag	39225665	39275665	49121	41495	453	6981
chr1A_WhJag	39275634	39325634	49970	42862	423	6256
chr1A_WhJag	39325603	39375603	49242	44738	295	4495
chr1A_WhJag	39375572	39425572	49970	47465	192	3144
chr1A_WhJag	39425541	39475541	49314	45452	283	4605
chr1A_WhJag	39475510	39525510	49970	45320	337	5708
chr1A_WhJag	39525479	39575479	49309	46070	184	2381
chr1A_WhJag	39575448	39625448	49700	43708	279	3555
chr1A_WhJag	39625417	39675417	49406	40623	400	6870
chr1A_WhJag	39675386	39725386	49048	39577	474	7159
chr1A_WhJag	39725355	39775355	49768	44789	269	3544
chr1A_WhJag	39775324	39825324	49551	41724	391	5402
chr1A_WhJag	39825293	39875293	49205	43138	401	6392
chr1A_WhJag	39875262	39925262	49352	41857	372	4891
chr1A_WhJag	39925231	39975231	49593	42018	428	6775
chr1A_WhJag	39975200	40025200	49738	43401	382	6245
chr1A_WhJag	40025169	40075169	48942	43761	303	4231
chr1A_WhJag	40075138	40125138	48965	41798	293	3349
chr1A_WhJag	40125107	40175107	46918	43808	177	2509
chr1A_WhJag	40175076	40225076	49803	45923	234	3551
chr1A_WhJag	40225045	40275045	49429	44654	271	3663
chr1A_WhJag	40275014	40325014	49599	41264	428	5895
chr1A_WhJag	40324983	40374983	48225	41742	404	6228
chr1A_WhJag	40374952	40424952	49773	46149	230	3579
chr1A_WhJag	40424921	40474921	49265	42868	255	4617
chr1A_WhJag	40474890	40524890	49120	46928	112	1457
chr1A_WhJag	40524859	40574859	49970	49881	10	204
chr1A_WhJag	40574828	40624828	49372	49100	13	173
chr1A_WhJag	40624797	40674797	48793	48451	13	125
chr1A_WhJag	40674766	40724766	49632	49257	24	380
chr1A_WhJag	40724735	40774735	49374	49114	15	183
chr1A_WhJag	40774704	40824704	49572	49431	9	129
chr1A_WhJag	40824673	40874673	49628	49402	17	270
chr1A_WhJag	40874642	40924642	47743	47692	5	94
chr1A_WhJag	40924611	40974611	48616	48078	25	317
chr1A_WhJag	40974580	41024580	48980	48862	14	291
chr1A_WhJag	41024549	41074549	49240	49075	16	302
chr1A_WhJag	41074518	41124518	49676	49285	21	344
chr1A_WhJag	41124487	41174487	49970	49788	15	259
chr1A_WhJag	41174456	41224456	49357	49299	7	145
chr1A_WhJag	41224425	41274425	45394	45119	18	256
chr1A_WhJag	41274394	41324394	49808	49781	3	60
chr1A_WhJag	41324363	41374363	49650	49562	8	144
chr1A_WhJag	41374332	41424332	49911	49766	15	303
chr1A_WhJag	41424301	41474301	48626	48511	10	178
chr1A_WhJag	41474270	41524270	49158	48130	33	799
chr1A_WhJag	41524239	41574239	48997	48681	20	301
chr1A_WhJag	41574208	41624208	48702	48451	13	254
chr1A_WhJag	41624177	41674177	48973	48715	19	299
chr1A_WhJag	41674146	41724146	49065	48956	7	100
chr1A_WhJag	41724115	41774115	49479	49267	13	177
chr1A_WhJag	41774084	41824084	49480	49279	12	150
chr1A_WhJag	41824053	41874053	49293	49016	20	312
chr1A_WhJag	41874022	41924022	49171	49025	15	292
chr1A_WhJag	41923991	41973991	48135	47895	18	336
chr1A_WhJag	41973960	42023960	49970	49676	20	314
chr1A_WhJag	42023929	42073929	49211	48894	24	391
chr1A_WhJag	42073898	42123898	49970	49750	13	163
chr1A_WhJag	42123867	42173867	49970	49626	25	405
chr1A_WhJag	42173836	42223836	49027	48784	23	424
chr1A_WhJag	42223805	42273805	48898	48694	12	153
chr1A_WhJag	42273774	42323774	49970	49636	19	229
chr1A_WhJag	42323743	42373743	49580	49348	14	186
chr1A_WhJag	42373712	42423712	49169	48707	28	467
chr1A_WhJag	42423681	42473681	49314	49041	19	367
chr1A_WhJag	42473650	42523650	49722	49552	15	268
chr1A_WhJag	42523619	42573619	49970	49579	22	261
chr1A_WhJag	42573588	42623588	49816	49618	15	246
chr1A_WhJag	42623557	42673557	49600	49217	29	470
chr1A_WhJag	42673526	42723526	49474	49314	13	221
chr1A_WhJag	42723495	42773495	47576	47173	27	407
chr1A_WhJag	42773464	42823464	49703	49450	20	335
chr1A_WhJag	42823433	42873433	49103	48933	12	186
chr1A_WhJag	42873402	42923402	49970	49743	15	217
chr1A_WhJag	42923371	42973371	49182	49010	17	321
chr1A_WhJag	42973340	43023340	49767	49516	12	146
chr1A_WhJag	43023309	43073309	48684	48310	31	528
chr1A_WhJag	43073278	43123278	49970	49845	10	171
chr1A_WhJag	43123247	43173247	49172	48983	19	368
chr1A_WhJag	43173216	43223216	46206	46151	7	148
chr1A_WhJag	43223185	43273185	48938	48721	16	250
chr1A_WhJag	43273154	43323154	48508	48220	25	462
chr1A_WhJag	43323123	43373123	49842	49712	12	218
chr1A_WhJag	43373092	43423092	49656	49467	13	194
chr1A_WhJag	43423061	43473061	48538	48368	16	294
chr1A_WhJag	43473030	43523030	49349	49229	12	234
chr1A_WhJag	43522999	43572999	48990	48798	14	241
chr1A_WhJag	43572968	43622968	49473	49323	15	288
chr1A_WhJag	43622937	43672937	48832	48068	52	811
chr1A_WhJag	43672906	43722906	49843	49458	24	332
chr1A_WhJag	43722875	43772875	46612	46181	34	625
chr1A_WhJag	43772844	43822844	49487	49235	19	302
chr1A_WhJag	43822813	43872813	49431	49223	17	288
chr1A_WhJag	43872782	43922782	48187	47990	19	357
chr1A_WhJag	43922751	43972751	49970	49729	14	191
chr1A_WhJag	43972720	44022720	49475	49138	21	346
chr1A_WhJag	44022689	44072689	49053	48773	15	265
chr1A_WhJag	44072658	44122658	49602	49468	11	188
chr1A_WhJag	44122627	44172627	49656	49420	17	278
chr1A_WhJag	44172596	44222596	49658	49501	16	307
chr1A_WhJag	44222565	44272565	48821	46609	71	812
chr1A_WhJag	44272534	44322534	49920	45412	258	3661
chr1A_WhJag	44322503	44372503	49890	44717	220	3291
chr1A_WhJag	44372472	44422472	49511	41380	410	5779
chr1A_WhJag	44422441	44472441	49507	48131	54	729
chr1A_WhJag	44472410	44522410	48910	48803	10	183
chr1A_WhJag	44522379	44572379	48860	48024	39	690
chr1A_WhJag	44572348	44622348	48405	37373	348	6324
chr1A_WhJag	44622317	44672317	48487	35690	425	6685
chr1A_WhJag	44672286	44722286	48233	41451	332	4680
chr1A_WhJag	44722255	44772255	47615	41305	367	5873
chr1A_WhJag	44772224	44822224	49628	44894	287	4215
chr1A_WhJag	44822193	44872193	49970	43314	400	6059
chr1A_WhJag	44872162	44922162	49970	43828	358	5317
chr1A_WhJag	44922131	44972131	49970	42591	417	6213
chr1A_WhJag	44972100	45022100	49118	40670	369	4817
chr1A_WhJag	45022069	45072069	49593	39072	385	4622
chr1A_WhJag	45072038	45122038	49472	40622	369	4343
chr1A_WhJag	45122007	45172007	48257	40682	330	3498
chr1A_WhJag	45171976	45221976	47861	38513	423	5958
chr1A_WhJag	45221945	45271945	49390	44027	343	5201
chr1A_WhJag	45271914	45321914	49486	42121	335	4077
chr1A_WhJag	45321883	45371883	48690	41787	431	6714
chr1A_WhJag	45371852	45421852	49970	43313	373	5850
chr1A_WhJag	45421821	45471821	49970	46495	269	4639
chr1A_WhJag	45471790	45521790	49970	45942	289	4505
chr1A_WhJag	45521759	45571759	49970	46490	300	5370
chr1A_WhJag	45571728	45621728	42361	39391	212	3436
chr1A_WhJag	45621697	45671697	49716	43198	392	5815
chr1A_WhJag	45671666	45721666	49970	42126	421	6370
chr1A_WhJag	45721635	45771635	49970	43831	388	6432
chr1A_WhJag	45771604	45821604	49329	39968	473	6955
chr1A_WhJag	45821573	45871573	49663	44792	304	4719
chr1A_WhJag	45871542	45921542	48784	42894	331	4924
chr1A_WhJag	45921511	45971511	49538	44828	287	4430
chr1A_WhJag	45971480	46021480	47207	42036	234	2784
chr1A_WhJag	46021449	46071449	49970	45576	258	3759
chr1A_WhJag	46071418	46121418	48092	42876	297	4189
chr1A_WhJag	46121387	46171387	49577	44832	287	4357
chr1A_WhJag	46171356	46221356	49970	46661	216	3195
chr1A_WhJag	46221325	46271325	49016	45019	223	3314
chr1A_WhJag	46271294	46321294	49593	46488	222	3469
chr1A_WhJag	46321263	46371263	49970	45003	279	4122
chr1A_WhJag	46371232	46421232	49970	44031	334	5250
chr1A_WhJag	46421201	46471201	49628	44192	280	3823
chr1A_WhJag	46471170	46521170	48986	43021	394	6215
chr1A_WhJag	46521139	46571139	49375	45349	275	4498
chr1A_WhJag	46571108	46621108	49970	46319	186	2340
chr1A_WhJag	46621077	46671077	49563	44022	333	5460
chr1A_WhJag	46671046	46721046	49688	44806	239	2939
chr1A_WhJag	46721015	46771015	49636	46417	228	3799
chr1A_WhJag	46770984	46820984	49716	43324	366	5314
chr1A_WhJag	46820953	46870953	49494	45370	283	4452
chr1A_WhJag	46870922	46920922	49731	44290	363	5767
chr1A_WhJag	46920891	46970891	49970	45470	283	4472
chr1A_WhJag	46970860	47020860	49970	46471	228	3561
chr1A_WhJag	47020829	47070829	48699	42738	354	5239
chr1A_WhJag	47070798	47120798	47438	41945	345	5168
chr1A_WhJag	47120767	47170767	49970	43547	392	6291
chr1A_WhJag	47170736	47220736	49970	41986	422	6296
chr1A_WhJag	47220705	47270705	48575	44849	263	4206
chr1A_WhJag	47270674	47320674	49419	45544	233	3177
chr1A_WhJag	47320643	47370643	49739	45466	258	3634
chr1A_WhJag	47370612	47420612	48767	43122	231	3172
chr1A_WhJag	47420581	47470581	49790	45506	290	4581
chr1A_WhJag	47470550	47520550	49583	43689	351	5614
chr1A_WhJag	47520519	47570519	46460	38628	316	3535
chr1A_WhJag	47570488	47620488	49651	41839	276	2676
chr1A_WhJag	47620457	47670457	49579	42471	298	3427
chr1A_WhJag	47670426	47720426	49468	42871	392	6163
chr1A_WhJag	47720395	47770395	49970	45170	307	4682
chr1A_WhJag	47770364	47820364	49453	43127	240	2556
chr1A_WhJag	47820333	47870333	49535	42950	356	5032
chr1A_WhJag	47870302	47920302	49658	41143	344	5510
chr1A_WhJag	47920271	47970271	49890	49732	7	53
chr1A_WhJag	47970240	48020240	48882	48769	8	122
chr1A_WhJag	48020209	48070209	49373	48698	32	563
chr1A_WhJag	48070178	48120178	48703	48500	10	108
chr1A_WhJag	48120147	48170147	49531	49438	6	84
chr1A_WhJag	48170116	48220116	48839	48471	14	294
chr1A_WhJag	48220085	48270085	49970	49921	4	67
chr1A_WhJag	48270054	48320054	49279	48986	19	309
chr1A_WhJag	48320023	48370023	48176	47984	14	217
chr1A_WhJag	48369992	48419992	48709	48614	6	82
chr1A_WhJag	48419961	48469961	48011	47857	10	179
chr1A_WhJag	48469930	48519930	49580	49447	15	302
chr1A_WhJag	48519899	48569899	48971	48925	4	70
chr1A_WhJag	48569868	48619868	49970	49916	6	120
chr1A_WhJag	48619837	48669837	49799	49785	4	102
chr1A_WhJag	48669806	48719806	49970	49866	6	89
chr1A_WhJag	48719775	48769775	49459	49309	11	232
chr1A_WhJag	48769744	48819744	49150	48913	17	280
chr1A_WhJag	48819713	48869713	49662	49512	11	198
chr1A_WhJag	48869682	48919682	49324	49262	4	54
chr1A_WhJag	48919651	48969651	47719	47534	11	174
chr1A_WhJag	48969620	49019620	48615	48469	12	202
chr1A_WhJag	49019589	49069589	49254	48863	20	245
chr1A_WhJag	49069558	49119558	47516	47438	7	125
chr1A_WhJag	49119527	49169527	49161	49073	10	202
chr1A_WhJag	49169496	49219496	49970	49914	6	118
chr1A_WhJag	49219465	49269465	48523	48405	14	288
chr1A_WhJag	49269434	49319434	48750	48598	8	111
chr1A_WhJag	49319403	49369403	49595	49524	7	135
chr1A_WhJag	49369372	49419372	48579	48381	14	265
chr1A_WhJag	49419341	49469341	48783	48504	17	222
chr1A_WhJag	49469310	49519310	49472	49273	13	184
chr1A_WhJag	49519279	49569279	48376	48119	16	229
chr1A_WhJag	49569248	49619248	49503	49212	15	349
chr1A_WhJag	49619217	49669217	49517	49280	27	546
chr1A_WhJag	49669186	49719186	49325	49203	14	284
chr1A_WhJag	49719155	49769155	48067	47835	21	377
chr1A_WhJag	49769124	49819124	45332	45088	20	336
chr1A_WhJag	49819093	49869093	47791	47455	28	499
chr1A_WhJag	49869062	49919062	49784	49554	9	43
