genotype	PC1	PC2	PC3	PC4	PC5	PC6	PC7	PC8	PC9	PC10
WATDE0003	0.0294353	0.00351015	-0.0142762	0.0247996	0.00246994	0.000476383	0.0163528	-0.0300578	-0.014226	0.0246937
WATDE0010	0.0169475	0.0095708	-0.00927792	0.00929716	0.0085443	-0.00813369	0.0402473	-0.0203703	-0.00457654	-0.0142442
WATDE0339	0.0320025	0.0109787	-0.0232255	0.018624	-0.00325645	0.010772	-0.00469266	-0.0878513	0.0102138	-0.0561438
WATDE0459	0.00393484	-0.0309419	0.048509	-0.00186231	-0.0208743	-0.00645429	0.0197167	0.00440694	0.00862411	-0.0108744
WATDE0476	0.0170778	0.042901	0.0109903	-0.0155705	0.0052169	-0.00746279	-0.00537858	0.0426322	0.0121491	-0.00929915
WATDE0526	0.0190136	0.0155137	0.00348568	-0.00763504	0.0030179	-0.00267216	0.00576057	-0.000981456	0.0137477	0.0137664
WATDE0532	0.0177026	0.0225161	0.0419419	-0.0293766	-0.00865615	-0.0175233	0.00713285	0.0602276	0.021867	-0.0177051
WATDE0576	-0.0865317	-0.00013574	-0.0214388	0.017822	-0.00991569	-0.0250911	-0.0084881	-0.00877829	0.0389735	-0.0120967
WATDE0612	-0.0414766	0.00864124	-0.0265703	-0.023491	0.0168969	0.00502714	0.0676078	0.00169696	-0.0868322	-0.0304097
WATDE0061	-0.0796339	-0.0173373	0.0344502	0.0070935	0.0065209	0.0187759	0.00025565	0.0173282	0.0228384	-0.00952547
WATDE0668	0.0288434	-0.00838249	-0.0121768	0.0242128	-0.00495345	0.000519014	0.000264886	0.00277908	0.00239613	0.0217428
WATDE0714	-0.0615395	-0.00172613	-0.0624153	0.0248806	-0.00799838	-0.0391146	0.0135744	0.0147401	-0.032973	-0.0216178
WATDE0762	0.0272295	-0.0130989	-0.0137639	0.0219004	0.0035976	0.000648266	0.0103983	-1.43E-05	0.0242094	0.00931681
WATDE0801	0.0354523	-0.0434885	0.00170519	0.0368067	-0.0188273	0.00864311	-0.0306837	0.0299522	-0.0113621	0.00415632
WATDE0868	-0.00208487	-0.00721111	-0.0313317	0.0219449	-0.0156285	-0.0237769	-0.0222047	-0.00525249	0.0012101	0.00694743
WATDE0100	-0.0209692	-0.0446735	0.0285501	-0.00125023	-0.0065685	0.00740721	0.0183638	0.00783402	0.00421772	0.0144014
WATDE1030	-0.0769355	0.0107828	-0.0109372	0.0260996	0.0373696	0.0404282	0.0374786	-0.00630176	0.0075139	-0.00542513
WATDE0001	0.00625505	0.00590805	-0.00441494	0.0110396	0.0129923	0.00137826	0.0441258	-0.00506139	-0.00700218	0.0234005
WATDE0002	0.0252452	-0.0311995	0.0335804	0.0114841	-0.0100832	-0.019299	0.0461055	-0.00125153	-0.00941757	0.0478114
WATDE0004	0.0261048	0.018568	-0.00516672	0.00729869	0.00569633	-0.00497529	0.0210967	-0.00566788	0.0057699	0.0349852
WATDE0005	-0.0592878	0.0163916	-0.0336042	-0.0188737	0.0539846	0.0498066	0.106947	0.0248382	-0.125607	-0.0297327
WATDE0006	0.030044	0.0217889	-0.0342051	0.00482885	-0.00525207	0.00399933	-0.017331	-0.0961944	-0.0161549	0.0303862
WATDE0007	0.0281908	0.0241651	-0.0331031	0.0158717	-0.00497739	0.00638815	-0.0266386	-0.0949834	-0.00808492	-0.000144487
WATDE0008	0.0363769	-0.0332004	0.0104317	0.0328161	-0.016109	0.00194067	-0.00692562	0.0261958	-0.00869958	0.0114256
WATDE0009	0.0325615	-0.0312075	0.0110102	0.0310141	-0.0161863	9.54E-05	-0.00639988	0.0248973	-0.00870381	0.010643
WATDE0011	-0.00941803	0.0488352	-0.004091	-0.0146973	0.0309776	0.00425526	0.0325201	0.0187965	-0.0557461	0.0337603
WATDE0012	-0.0245163	0.0209437	-0.0330968	-0.00444724	0.0179762	-0.00312098	0.0203209	-0.00297776	-0.0210387	0.00552438
WATDE0013	0.0252883	-0.000451186	-0.0423837	0.0606947	0.00512721	0.0374949	-0.0609138	0.0477345	-0.016891	-0.0142813
WATDE0014	0.0223734	0.00536133	-0.056368	-0.0425766	-0.00097164	0.0257157	-0.00121556	-0.0687291	-0.0470087	0.0463776
WATDE0015	-0.0220598	0.0137275	-0.00767125	-0.0019995	0.0175324	0.0116586	0.0588725	-0.0223414	-0.0674378	-0.0101495
WATDE0016	-0.00946363	0.0386553	0.00831019	-0.0142422	0.00687785	-0.00609627	0.0138988	0.0072576	0.00198342	-0.027112
WATDE0017	0.0326246	0.00706938	-0.0234042	0.0440183	-0.00506497	0.0146909	-0.0436648	0.0249445	-0.00431075	-0.00185546
WATDE0018	0.028372	0.00890873	-0.00680199	0.0200583	0.000934761	-0.00360153	0.00920283	-0.0142033	-0.0126645	0.0326317
WATDE0019	0.0358456	-0.00170938	-0.0218385	0.0250953	0.000958768	0.0157307	-0.0142889	0.0148028	-0.0214412	0.0431921
WATDE0020	0.021756	0.0172836	0.0104811	-0.0190846	-0.0137601	-0.0143097	-0.00563489	-0.0260059	-0.0282637	0.0701089
WATDE0021	0.0263801	0.0255881	-0.00990926	0.0202897	0.00213487	0.00514622	-0.0271676	0.0261194	-0.00145587	-0.0170509
WATDE0022	0.0186935	0.056607	-0.000171881	-0.0348928	0.00616429	-0.0124388	0.0141816	0.00922046	0.0161917	0.00403087
WATDE0023	-0.0815631	-0.00235507	-0.0357318	-0.000264922	0.0502737	0.053647	0.0919505	0.0132364	-0.0995698	-0.0416251
WATDE0024	0.0156628	0.00292314	-0.0628356	-0.0737625	-0.0298725	0.0305686	-0.0375527	-0.0612328	-0.0199365	0.119422
WATDE0025	0.0326741	-0.0232871	-0.00440114	0.0326388	0.00122775	-0.00351166	0.0498836	-0.0323623	0.00789532	0.0538172
WATDE0026	0.0301979	-0.0516219	0.0571582	0.0195538	-0.0303633	-0.00667451	0.0185962	-0.0407577	-0.053411	0.044096
WATDE0027	0.0176255	-0.0436284	0.0186697	-0.00680765	-0.0109074	0.00895228	0.0397313	0.0176901	-0.00426287	-0.0114071
WATDE0028	0.0100193	-0.0292395	0.0371353	0.00356187	-0.0128691	-0.00557378	0.047914	0.000577727	-0.00840447	0.0375324
WATDE0029	0.0178408	-0.0475103	0.0241432	0.0216544	-0.00874933	-0.00355453	0.0579617	-0.000139397	-0.010369	0.0417517
WATDE0030	0.0219779	0.043783	-0.0173941	-0.0130313	0.000571271	-0.00799531	-0.0132582	-0.0451211	-0.0047316	0.0417424
WATDE0031	-0.0281844	0.0224538	0.0134727	0.00853516	0.0163242	0.0166812	-0.00454052	0.00597539	0.0108165	-0.000690852
WATDE0032	0.0250145	-0.0346071	0.0284163	0.00903617	-0.0178934	-0.00897916	0.0372599	0.00486039	0.00744613	0.00101206
WATDE0033	-0.065271	-0.0167811	-0.041676	0.040079	-0.0296642	-0.0540063	-0.0163502	0.00476677	0.0116208	0.00753606
WATDE0034	0.0267544	-0.0156259	-0.0294578	0.0652662	0.00828578	0.0215687	-0.0022867	0.0027146	0.000294415	-0.101365
WATDE0035	0.0187819	-0.0511114	0.00657148	0.0113288	-0.0102576	0.0121312	0.0194367	0.031444	-0.000815724	0.0169264
WATDE0036	0.0140449	-0.0900672	-0.134794	-0.178613	-0.0908611	0.114527	-0.0218654	0.0037346	0.0548287	-0.0318255
WATDE0037	0.0257717	-0.0556721	0.0282182	0.0114686	-0.00150865	-0.00859017	0.0452598	-0.00929438	0.00927403	-0.000750926
WATDE0038	0.0228243	-0.0617723	0.00307299	-0.0135524	-0.00888283	0.0165947	0.0261695	0.00967812	-0.00992217	0.0210141
WATDE0039	-0.00176058	-0.0319113	0.0543748	0.0107457	-0.0209494	-0.00313758	0.0164565	0.00270515	-0.0063626	0.019013
WATDE0040	-0.000729517	-0.0193035	0.056329	0.00685841	-0.0168476	-0.00943129	0.016735	0.00756774	-0.0018313	0.0195001
WATDE0041	0.0104427	-0.0392414	0.0312149	-0.015449	0.00369901	-0.0143071	0.00308319	0.0118058	0.0178756	0.0132543
WATDE0042	-0.0558109	0.00105524	0.0114068	-0.0192366	0.0199261	0.063167	-0.0486428	-0.028536	-0.0628942	0.0152445
WATDE0043	0.0180979	0.00402634	-0.0367225	0.0639258	0.0112419	0.0342062	-0.0703053	0.056258	-0.0202658	0.00466797
WATDE0044	0.00684983	-0.0395788	-0.108913	-0.118421	-0.0391126	0.0576887	-0.035268	-0.0558136	-0.0445274	0.110141
WATDE0045	0.00710473	-0.039798	-0.109329	-0.118949	-0.0391748	0.0581983	-0.0356698	-0.0560074	-0.044663	0.110646
WATDE0046	0.0155732	0.0381842	0.00780204	-0.00423106	0.00139316	-0.00782568	-0.00634631	0.0258102	0.0176165	-0.00792391
WATDE0047	-0.0258538	-0.00234712	0.111335	-0.0267562	-0.0395089	-0.00117085	-0.0647122	-0.046269	-0.0766679	-0.0180467
WATDE0048	0.0297457	0.0036796	-0.00207004	0.0138861	0.000515626	0.00169665	0.014933	8.76E-05	0.0169728	0.00114566
WATDE0049	0.0148941	0.0228721	0.0428271	-0.0293028	-0.0084277	-0.0195662	0.0171965	0.0460199	0.0247181	-0.0126088
WATDE0050	0.0239724	-0.0353644	0.029416	-0.012436	-0.0125209	-0.00341273	0.0632182	0.0191127	-0.000213538	0.00774971
WATDE0051	0.0039495	0.0282417	-0.0138967	0.0222502	0.0122476	0.0107473	-0.0151066	0.0239349	-0.0109342	0.0117697
WATDE0052	0.0325899	-0.0278869	-0.000516349	0.0454401	-0.019064	0.0203104	-0.0664616	0.072806	-0.0166434	0.00942383
WATDE0053	0.0195999	-0.0600222	0.0327635	0.00448441	-0.0106383	-0.00210463	0.0401324	0.00569735	0.0120951	0.0303582
WATDE0054	-0.0657636	-0.024378	0.0120409	0.0135997	0.0145466	0.0382943	0.0258369	0.0244652	-0.0210206	-0.00550445
WATDE0055	0.0161747	0.0205565	-0.00200663	0.0124382	-0.00130707	0.00172155	0.0108995	0.0153011	-0.00222377	-0.101398
WATDE0056	-0.0810765	0.00171915	-0.00714803	-0.000398325	0.0324322	0.0554418	0.0268339	-0.0090976	0.00785405	-0.0105833
WATDE0057	-0.0165391	0.0161478	-0.0167567	-0.00463533	-0.0094848	-0.04243	-5.46E-05	-0.0138199	0.000355752	0.00889104
WATDE0058	-0.00648364	-0.0236792	-0.0377887	0.0235311	-0.0175821	-0.0235706	-0.0177703	-0.00448639	0.00974151	0.0175611
WATDE0059	0.0158147	0.0573711	0.0192472	-0.0324828	0.00704282	-0.0124418	0.0167385	0.0270014	0.0300126	-0.0150612
WATDE0060	-0.0112288	0.0325294	0.0165579	-0.0203453	0.00532735	-0.00178894	-0.00527838	0.00143485	0.0344278	0.00358876
WATDE0062	-0.0616388	-0.0222657	0.037887	-0.00297044	0.0072484	0.0438287	0.000462793	0.00674355	0.0158895	-0.00245357
WATDE0063	-0.0800045	-0.0195186	0.0308778	0.0141432	0.00522362	0.0295271	-0.000414481	0.0129991	0.0348824	0.00123836
WATDE0064	-0.054816	0.0137861	-0.00280573	0.00465572	0.0213023	0.0483499	-0.00104454	-0.0287317	0.0534595	0.0229247
WATDE0065	0.0190459	0.0585274	0.00534467	-0.0333822	0.00763873	-0.0122188	0.0129053	0.0314371	0.0256646	-0.0175011
WATDE0066	-0.00389913	-0.00756327	0.049029	-0.000971754	-0.0227393	0.000725663	-0.0358869	0.00333153	-0.0169192	-0.0115828
WATDE0067	0.0328465	-0.0665058	0.0318984	0.0347157	-0.0128699	-0.0170863	0.0751236	-0.0247492	0.01621	0.0404248
WATDE0068	0.0243131	-0.0266455	0.0232472	0.0146922	-0.0104972	-0.00044624	0.00974606	0.0210826	-0.00735408	0.0304571
WATDE0069	0.0288982	-0.0350679	0.00908114	0.0228523	-0.0172601	0.00683325	-0.019155	0.0234415	-0.00333505	0.0123109
WATDE0070	0.0337404	-0.00293538	-0.0224576	0.0374007	-0.00176022	0.0192852	-0.0346089	0.0105511	-0.0125723	0.0074465
WATDE0071	0.023803	-0.0225445	-0.014034	0.021854	0.00153299	-0.00733756	0.0172366	-0.00882206	0.00735546	0.022039
WATDE0072	0.028216	-0.0066293	-0.0220221	0.0281694	0.00197114	0.011659	-0.0290606	0.0220406	0.00635541	0.024398
WATDE0073	0.0327756	-0.0161858	-0.0243714	0.032703	4.54E-06	0.0110994	-0.0164138	0.0176728	0.007318	0.00388151
WATDE0074	-0.0940513	-0.000272777	-0.0446067	0.021553	-0.0324248	-0.08442	-0.00628655	0.00327056	0.0247908	-0.00893625
WATDE0075	-0.0463404	-0.0235083	0.0174239	0.0228534	-0.00240999	0.0267227	-0.0284302	0.0215953	0.0136514	0.00980162
WATDE0076	-0.0553946	0.00403773	0.015001	0.000796486	0.015958	0.0504433	-0.0626605	-0.0210306	-0.0579551	0.0236134
WATDE0077	0.00807967	-0.0450817	-0.0399788	-0.147962	-0.0597007	0.0541943	0.00337757	0.0551813	0.00792052	-0.0550861
WATDE0078	-0.0385021	0.0131201	0.0138484	0.00787284	0.0242241	0.0318984	-0.00505595	0.0131494	0.0393107	0.0236282
WATDE0079	0.0159337	0.0434391	0.012105	-0.0136268	0.00407316	-0.0115132	0.00434131	0.0164657	0.0208445	-0.00372452
WATDE0080	-0.0243891	-0.00976535	0.0675004	-0.011876	-0.0204271	0.00179755	0.00149309	0.00620755	0.0234489	-0.0042175
WATDE0081	-0.0247703	-0.0088619	0.0665448	-0.0110992	-0.0189074	0.00204562	0.00229002	0.00540945	0.026299	-0.00107171
WATDE0082	0.0217587	0.0700759	0.00979385	-0.0410728	0.0103834	-0.016892	0.00950292	0.0417354	0.0410383	-0.0160687
WATDE0083	0.0208656	0.0183048	-0.0157954	0.00784074	-0.00225129	-0.0039398	-0.022295	-0.0186597	0.000685867	0.0417973
WATDE0084	0.0200399	0.0499918	-0.00241526	-0.0224316	0.00395041	-0.0153542	0.00287413	0.00922789	0.0187612	0.00361028
WATDE0085	0.0256298	0.00652481	-0.0310422	0.0160493	-0.00710554	0.00174348	-0.0290776	-0.0213208	-0.00507064	0.0398828
WATDE0086	0.0130344	0.0530605	0.0147504	-0.0317471	0.00706925	-0.0154738	0.00982725	0.028875	0.0203936	-0.00628781
WATDE0087	-0.0235359	0.0246213	-0.00429842	0.0219312	0.0179142	0.0274224	-0.0257557	0.0148802	0.0231211	0.00755361
WATDE0088	-0.0390584	-0.00786215	0.0906832	-0.0193432	-0.0284792	0.00890423	-0.0437729	-0.0250826	4.86E-05	-0.0079908
WATDE0089	0.0222787	0.0360277	-0.000313342	-0.00514321	-0.00117417	-0.00229893	-0.00907041	0.0169118	0.011844	-0.0237933
WATDE0090	0.0199569	-0.00134844	0.0333076	-0.00970509	-0.0121347	-0.00835312	0.011437	0.0327329	0.0210296	-0.025914
WATDE0091	0.0336167	-0.0159503	-0.0181793	0.031113	0.00159059	0.00263414	0.00253998	-0.00853575	-0.00471061	0.0292685
WATDE0092	0.0365864	-0.127873	0.01625	-0.0539106	0.215478	-0.111901	-0.0644391	-0.0291394	0.0275607	-0.0283271
WATDE0093	-0.0596393	0.0115834	-0.0245995	0.0146697	0.0308476	0.0225163	0.0436224	-0.000352269	-0.0509099	-0.0149373
WATDE0094	-0.0891344	-0.00966146	-0.0705628	0.0146106	-0.0500547	-0.116773	-0.00014357	0.00708479	-0.000363386	-0.0241947
WATDE0095	-0.0797361	-0.0111494	-0.0550432	0.0176056	-0.0450623	-0.107433	0.0155706	-0.0238603	0.0247277	-0.0382471
WATDE0096	-0.0851953	-0.00085294	-0.0225776	0.00831258	0.0283213	0.0364989	0.0276137	-0.00150151	0.0156014	-0.0139989
WATDE0097	-0.0711939	-0.0242581	0.0406038	0.00795911	-0.0141675	0.0105618	-0.0451791	-0.00233282	-0.000550374	0.0237122
WATDE0098	-0.0865945	0.00327339	0.0131307	0.021217	0.0324301	0.0570075	-0.00441835	-0.0231882	0.10577	0.0362741
WATDE0099	0.0167934	0.0441832	-0.00311745	-0.0158933	0.00980355	-0.00996276	0.0146563	-0.0204031	-0.0373511	0.0444682
WATDE0101	-0.0773148	-0.00181881	-0.0407031	0.00360948	0.019994	0.00375844	0.053164	0.0190316	-0.0813371	-0.0495412
WATDE0102	-0.00588074	0.0184106	-0.0326789	0.0259124	0.0198389	0.0202174	0.00977472	-0.0283276	-0.0369038	0.00558559
WATDE0103	0.0174267	0.0554401	0.00622745	-0.0338827	0.00594968	-0.0114399	0.0112303	0.00779327	0.0114247	0.00268721
WATDE0104	0.0356325	-0.0546664	0.028878	0.029853	-0.0139755	-0.012917	0.0634483	-0.0312088	0.00725204	0.0255689
WATDE0105	-0.0313432	-0.00961125	0.100127	-0.0332516	-0.04166	0.00859165	-0.0737324	-0.0460982	-0.084761	-0.00907365
WATDE0106	-0.0356689	-0.00432865	0.0980815	-0.0257862	-0.0328412	0.00563077	-0.0549346	-0.0302609	-0.0283425	-0.00546957
WATDE0107	-0.0195936	0.0319041	0.0464159	-0.0328306	-0.0152316	0.00615426	-0.0479072	-0.0326923	-0.0116886	-0.00634791
WATDE0108	0.0180284	0.0569893	0.00674706	-0.0313411	0.00592285	-0.0128786	0.00838132	0.0189733	0.0221139	-0.000827571
WATDE0109	0.0202885	0.0617036	0.0072216	-0.0351723	0.0114948	-0.0133627	0.0102246	0.0324249	0.0255044	-0.00542094
WATDE0110	0.0124469	0.015673	0.0380331	-0.0641992	-0.0122766	-0.00792569	0.0238729	0.0493092	-0.0149303	0.0157652
WATDE0111	0.0123476	0.0156952	0.037998	-0.0639955	-0.0122763	-0.00800167	0.0238511	0.0492066	-0.0149278	0.0157471
WATDE0112	-0.0130764	-0.000252204	-0.0551545	0.0244142	-0.0388555	-0.0706382	-0.0500875	-0.0154618	-0.00338884	0.0344931
WATDE0113	-0.026291	-0.00913221	0.108649	-0.0352276	-0.0425632	0.00749589	-0.0739096	-0.0454585	-0.105583	-0.0066109
WATDE0114	-0.057927	0.0090677	0.03246	-0.00651831	0.00909125	0.0422861	-0.0552717	-0.0300697	-0.0224321	0.0194477
WATDE0115	-0.0426158	0.00931687	-0.0263684	-0.00241583	-0.0214591	-0.039845	-0.00757641	-0.032471	0.00739042	0.0260341
WATDE0116	-0.00682249	-0.0307099	-0.0341253	0.0115775	-0.00449035	0.0133388	0.0167059	0.00406165	-0.0268779	-0.0135942
WATDE0117	-0.0656278	0.0074396	-0.0405083	-0.00348674	-0.0427225	-0.0777603	-0.0163543	-0.0335108	0.0302318	0.00651595
WATDE0118	-0.096459	-0.0348383	-0.0443873	0.0151777	-0.0852042	-0.15392	-0.0184142	0.0380388	-0.00321799	-0.0293788
WATDE0119	0.0131786	0.054306	0.0135377	-0.0319258	0.00520873	-0.0122159	0.0113331	0.0155147	0.0181655	-0.00964744
WATDE0120	0.0222533	-0.00652853	-0.0103882	0.0295222	0.00782896	-0.0029068	0.0486634	-0.0194892	-0.00711461	0.0390434
WATDE0121	0.0222447	-0.00649662	-0.0103908	0.0295151	0.00782108	-0.0029155	0.0486648	-0.0194832	-0.00709754	0.0390116
WATDE0122	-0.0652497	-0.0198425	0.0454272	0.0180471	0.00899596	0.0359911	-0.00383673	0.00323995	0.0668356	0.00938178
WATDE0123	0.0311075	-0.0433169	0.0236283	0.0233302	-0.0128805	-0.014098	0.0517891	-0.00930542	-0.0111235	0.0537625
WATDE0124	0.0161803	-0.0415566	0.00981634	0.0365517	0.00517899	0.00226324	0.0501909	0.0212683	-0.0191438	0.0512257
WATDE0126	0.0383269	-0.063005	0.02105	0.0363357	-0.00384937	-0.0105972	0.0560541	-0.0180055	0.0126292	0.0279192
WATDE0127	0.0379535	-0.0413682	0.00623912	0.0377149	-0.0159816	0.00119302	0.00252282	0.0164004	-0.00269959	0.0191955
WATDE0129	0.0164887	-0.0168919	0.0290925	0.0067054	-0.0106911	-0.0132601	0.0314531	-0.0082449	-0.0154171	0.0226032
WATDE0131	-0.00902856	0.0281668	-0.00874268	-0.0372959	0.0253221	0.0218761	0.0650443	0.0143631	-0.0613541	-0.0203406
WATDE0133	0.0216106	0.0438635	-0.00129568	-0.00828295	0.00809224	-0.00852606	0.00493864	0.0149394	-0.0114791	0.0169661
WATDE0134	0.0337581	0.0127908	-0.0199144	0.0240309	-0.00509889	0.00865529	-0.00204872	-0.121768	0.024014	-0.0994656
WATDE0136	0.0173771	0.0565062	0.0113378	-0.0283955	0.00682011	-0.0140047	0.00688957	0.0252208	0.0251092	-0.0114618
WATDE0138	0.01986	0.0329449	0.0387199	-0.0355204	-0.00698194	-0.0208365	0.011473	0.037551	0.0133378	-0.00508771
WATDE0140	0.0184961	0.0146524	0.00269551	0.0135468	-0.00253409	0.000495821	-0.00451441	0.00522907	0.00209261	-0.00402816
WATDE0141	0.0276636	0.00103029	-0.00725494	0.023602	-0.00177036	-0.00138721	0.00719147	-0.00763391	0.00513212	0.00808198
WATDE0143	0.0167502	0.053648	0.00991436	-0.0545558	0.0111771	-0.00863181	0.0250805	0.0237332	-0.0312267	0.0334591
WATDE0144	0.016848	0.0537243	0.0099563	-0.0547269	0.0112419	-0.00859244	0.0251302	0.0238501	-0.0312294	0.0335342
WATDE0145	0.016722	0.0536246	0.00989269	-0.054499	0.011166	-0.00864961	0.0250778	0.0236822	-0.0312326	0.0334529
WATDE0146	0.0167511	0.0536441	0.00991253	-0.0545438	0.0111871	-0.00862351	0.0250899	0.0237199	-0.0312229	0.0334555
WATDE0148	0.0356765	-0.0155885	-0.0134001	0.0353727	-0.00152352	-0.00339522	0.0349011	-0.0493321	-0.000654828	-0.00934311
WATDE0149	0.0150884	0.0150697	-0.00188942	0.00237358	0.0121063	-0.00719972	0.0490592	-0.0165215	-0.036645	0.0423543
WATDE0150	0.0252856	-0.00423834	0.00419797	0.0153704	0.00357425	-0.0130895	0.0418597	-0.0242695	-0.00578648	0.0478861
WATDE0152	0.00920505	0.0438437	-0.0102879	-0.0020963	0.0168684	0.00414392	0.00433417	0.0258248	-0.0162204	0.0125692
WATDE0153	-0.015628	0.0410987	-0.0111352	-0.00809932	0.0349238	0.0137178	0.053116	0.0131094	-0.0692417	0.0179583
WATDE0154	0.0265836	-0.0461982	0.0112965	0.00506567	-0.0126053	-0.0083541	0.0495045	-0.0198166	-0.0150284	0.0306429
WATDE0156	0.0300644	-0.00901866	-0.00346622	0.0138378	0.00313702	-0.00637334	0.0570972	-0.0385144	-0.00354441	0.0188879
WATDE0157	0.0208628	0.0386489	0.00243207	-0.0060774	0.00706711	-0.0102803	0.0163844	0.00611665	0.0104134	0.0224435
WATDE0158	0.0312147	-0.00693256	-0.016728	0.0335199	0.00057804	-0.00252935	0.0226923	-0.0394466	-0.0032287	0.0224842
WATDE0159	0.0205416	0.0460751	-0.00421464	-0.0177009	0.00218556	-0.0128948	-0.00280067	-0.0139372	0.00342799	0.00884625
WATDE0160	0.0202065	0.0461767	-0.00790842	-0.0230154	-0.000174025	-0.00856193	-0.00677389	-0.0171432	0.00530707	0.0142387
WATDE0162	0.021355	0.0491885	-0.00774993	-0.0240152	0.00258149	-0.00975154	-0.0031721	-0.0183336	0.00843205	0.0114195
WATDE0164	0.0212334	0.0491253	-0.00773722	-0.0238868	0.00254621	-0.00979985	-0.00313673	-0.0183248	0.00836143	0.0113838
WATDE0165	0.0226892	0.0429375	-0.0116198	-0.0254891	-0.00104307	-0.00293707	-0.00803725	-0.0321022	-0.00749289	0.0277073
WATDE0168	0.0287904	0.0231791	-0.0362737	0.0081525	-0.00707965	0.00721405	-0.0296149	-0.101541	-0.0159842	0.0242264
WATDE0169	0.0321471	0.00477721	-0.0249991	0.0435309	-0.00353107	0.0159394	-0.0427986	0.0208877	-0.0154106	0.010144
WATDE0171	0.0138522	-0.005911	0.0117174	-0.036084	-0.0233774	-0.0263227	0.00599567	0.0193785	0.0139995	-0.00535529
WATDE0173	0.0274756	0.0251683	-0.0119558	0.0176643	-0.00134692	0.0101089	-0.019571	-0.0387289	0.0109593	-0.0640429
WATDE0174	0.0274123	0.0250459	-0.0118755	0.0176943	-0.00131195	0.0100819	-0.0194617	-0.0385742	0.0110086	-0.0638707
WATDE0175	0.0278073	0.0249773	-0.01202	0.0178939	-0.00125987	0.0104468	-0.0198158	-0.0386946	0.011128	-0.0645096
WATDE0176	0.0373252	0.0110079	-0.0227488	0.0269504	0.000487505	0.00641719	0.00542435	-0.127342	0.0198701	-0.0844206
WATDE0177	0.0260531	-0.0260088	0.0189359	0.00864207	-0.0104953	0.000595339	0.0300334	0.00576819	0.00965874	-0.0169006
WATDE0178	0.0331217	0.0246769	-0.0314926	0.0161242	-0.00123905	0.00680492	-0.0193446	-0.0745107	-0.00477944	-0.00347865
WATDE0180	0.0300445	-0.0428462	0.028333	0.0205694	-0.0175583	-0.0074686	0.0481141	-0.0227993	0.00147088	-0.0125608
WATDE0181	0.027185	-0.0430594	0.0332261	0.0189025	-0.0178921	-0.0115094	0.0532176	-0.0244306	0.000456426	-0.00796803
WATDE0182	0.0168996	-0.0374738	-0.0174132	-0.11042	-0.0408732	0.0458995	0.0268088	0.0409042	0.0325874	-0.0410696
WATDE0183	0.00639223	-0.0595771	-0.0393848	-0.120636	0.17942	-0.0619282	-0.0767523	-0.01496	-0.0381854	-0.0162656
WATDE0184	0.0160626	-0.00822589	-0.00339271	0.028504	-0.00750426	0.0117907	-0.0387313	0.0363972	-0.0316229	0.0320765
WATDE0185	0.0135597	-0.0685974	-0.0975916	-0.125345	-0.063783	0.0846552	-0.00967482	0.00575576	0.0377013	-0.0655442
WATDE0187	0.0118843	-0.0802239	-0.113792	-0.153829	-0.073731	0.100747	-0.0151271	0.00894461	0.0514598	-0.0762814
WATDE0188	0.0278342	-0.0276193	-0.0144996	0.00350114	-0.0266704	0.00078902	0.0157947	-0.0318981	0.0187252	-0.0452176
WATDE0190	0.0344619	0.00597601	-0.0150001	0.0306611	-0.000820305	0.00761286	0.000473498	-0.0646206	0.00550152	-0.0673518
WATDE0191	0.0146163	0.0277112	-0.0190756	0.0142727	0.0108355	0.0114333	-0.0102405	-0.00157849	-0.0197635	0.0128863
WATDE0192	0.0123135	0.0476802	-0.000965291	-0.019646	0.00955478	-0.00226552	0.00978081	-0.0243069	-0.0167455	0.0318247
WATDE0194	0.034678	0.00675411	-0.0151361	0.0316461	-0.0006409	0.00772852	-0.00086792	-0.0688401	0.0062658	-0.070625
WATDE0195	0.0132807	0.0195402	-0.0140726	0.0227538	0.00507013	0.0143624	-0.0205978	0.0157667	-0.00450862	-0.0288338
WATDE0196	0.0158277	-0.00837064	0.0333894	0.000567234	-0.0175753	-0.00936234	0.0073394	0.0194865	0.00440044	0.00155588
WATDE0198	0.0223729	0.0157539	-0.00433029	0.0135352	-0.00535549	0.00339037	-0.00554786	0.000594482	0.00357389	-0.0345211
WATDE0199	0.0163527	0.0537719	0.0147097	-0.0287575	0.00502458	-0.0149817	0.0121676	0.0205184	0.0203224	-0.00710567
WATDE0200	0.0296746	-0.0149122	0.0141334	0.0143252	-0.0114637	0.00458425	0.0109705	-0.00171916	0.00192387	-0.0416016
WATDE0203	0.0194829	0.0580994	0.00890236	-0.0326001	0.00983269	-0.0157908	0.0109926	0.0297681	0.0244614	-0.0117106
WATDE0204	0.0190541	0.0540201	0.00754975	-0.0282179	0.00709239	-0.013416	0.0131452	0.0168866	0.0205628	-0.004267
WATDE0205	0.0193006	0.0530122	0.00371375	-0.0272943	0.0070389	-0.0128008	0.0127148	0.0223371	0.0225871	-0.00661019
WATDE0206	0.0335622	0.018277	-0.0284986	0.025954	-0.00448533	0.0151404	-0.0290731	-0.104901	0.0155357	-0.0722489
WATDE0207	0.0304497	0.0239376	-0.0358912	0.0126925	-0.00105824	0.00924565	-0.0295795	-0.0888622	-0.005241	0.00506718
WATDE0209	0.0250272	0.035857	-0.0356664	-0.0107924	-0.0033836	0.000985948	-0.0277481	-0.0712815	-0.0322459	0.0910806
WATDE0211	0.0309142	0.0203241	-0.0249879	0.0175858	-0.0063775	0.016752	-0.0222321	-0.110257	0.0211903	-0.0879035
WATDE0212	0.0207114	0.0543865	0.00570439	-0.0326484	0.00727795	-0.0136033	0.0152048	0.0210715	0.0200768	-0.00117481
WATDE0214	0.0104157	0.0150027	-0.0260077	0.026023	0.0223608	0.0208773	-0.0145694	0.0259706	-0.0330165	0.00231168
WATDE0215	-0.0265415	0.0303083	-0.0309708	0.010072	0.0317909	0.012665	0.040883	0.00505762	-0.0757435	0.0187115
WATDE0216	0.0345485	0.00443544	-0.0242109	0.0290376	-0.000990575	0.0138103	-0.0386438	0.00995358	-0.0064208	-0.0141044
WATDE0217	0.0312099	0.01975	-0.0250865	0.020512	-0.00491187	0.0113487	-0.0245064	-0.0970891	0.0161909	-0.0686955
WATDE0219	-0.00909701	0.0490857	-0.00399815	-0.0151363	0.0312115	0.00443328	0.032645	0.0190222	-0.056078	0.0340049
WATDE0220	0.00916707	0.00858764	-0.0345608	0.039704	0.0206254	0.0276579	-0.0261368	0.0322106	-0.0197001	-0.00929937
WATDE0221	-0.0170438	0.016175	-0.0062585	0.00269615	0.0187776	0.00423481	0.0679101	-0.010459	-0.048088	0.00921273
WATDE0222	0.0116656	-0.0798066	-0.113463	-0.153163	-0.0735479	0.100159	-0.0149753	0.00882595	0.0510365	-0.0759754
WATDE0223	0.00750407	0.0192167	-0.0276315	0.0215547	0.0184916	0.022198	0.0212942	-0.0950013	-0.00955882	-0.0761475
WATDE0224	-0.00366167	0.0473706	0.0116093	-0.0334961	0.0192879	-0.00739454	0.0489977	0.00209402	-0.0591307	0.0226406
WATDE0225	0.0197167	0.0429481	-0.0157025	-0.0129935	0.00477067	-0.00651805	-0.00115082	-0.0339866	-0.0276815	0.0592298
WATDE0227	0.0284286	-0.00856032	-0.0104006	0.0277599	0.00107156	-0.00366006	0.0166398	-0.0344056	-0.00402095	0.031189
WATDE0228	0.0258723	-0.00114163	-0.0160686	0.0311883	0.000458559	0.00180146	-0.000214733	-0.0243579	-0.00760823	0.0179628
WATDE0229	0.0215829	0.0342506	-0.0132626	-0.00213972	-0.000847998	-0.00962239	-0.00581188	-0.0322082	-0.0106697	0.0352545
WATDE0230	0.019849	0.0419131	-0.0129373	-0.0191827	0.000766191	-0.00829256	-0.00425518	-0.0290074	-0.000898571	0.0260555
WATDE0232	0.0227357	0.0357626	-0.0177887	-0.0149124	-0.000208345	-0.00663292	-0.0160241	-0.0447636	-0.019747	0.0585737
WATDE0233	0.0202389	0.063242	0.0112188	-0.0371087	0.00884373	-0.0159635	0.0113179	0.03442	0.0339025	-0.0129616
WATDE0234	0.0203334	0.0418196	0.00868839	-0.0216136	0.00893826	-0.0133991	0.0346535	-0.0252832	-0.0209087	-0.00236829
WATDE0235	0.0295948	0.017072	-0.0267684	0.0133936	-0.00766393	0.0151759	-0.0189177	-0.0927398	0.0149291	-0.0688437
WATDE0236	0.0227163	0.0357604	-0.0177676	-0.0149173	-0.000204675	-0.00664739	-0.0160199	-0.0447383	-0.0197317	0.0585815
WATDE0237	0.0265398	-0.00206946	-0.0417275	0.0681215	0.00836947	0.0329978	-0.0641687	0.0489764	-0.0209667	-0.00419717
WATDE0238	0.0274074	0.0309471	-0.0167928	0.00504377	0.00122743	0.00395358	-0.00915173	-0.0467141	0.00981904	-0.0252864
WATDE0239	0.0265001	0.0298634	-0.0137506	0.00305169	-0.00350127	0.00415319	-0.0138414	-0.0411403	0.00278609	-0.0282236
WATDE0241	0.0250398	0.0147391	-0.00353529	0.0228225	-0.000758255	-0.00300613	0.00384135	-0.0240981	0.0120313	-0.0217867
WATDE0242	0.0346255	0.00908423	-0.0249683	0.0357256	0.000421092	0.00365632	-0.00297459	-0.100194	0.00448182	-0.0584284
WATDE0243	0.0344814	0.00596791	-0.0150037	0.0306711	-0.000810129	0.00762569	0.000498913	-0.0646507	0.00548055	-0.0673426
WATDE0244	0.0348905	0.00584786	-0.0151158	0.0308335	-0.000751756	0.00795526	0.000249854	-0.0649897	0.00562501	-0.0680683
WATDE0246	0.0337434	0.00469915	-0.0264905	0.0463343	-0.00551492	0.0174106	-0.0469176	0.0282347	-0.00583897	-0.00258929
WATDE0247	0.0163286	0.0193914	-0.00337857	0.0215536	0.00146951	-0.000593057	-0.00923004	0.00944754	-0.00353986	0.00210484
WATDE0248	0.0178495	0.0554082	0.0100433	-0.0290723	0.00772744	-0.0135824	0.00678447	0.0247771	0.0262785	-0.0153712
WATDE0249	0.0177116	0.0553066	0.00998311	-0.0289131	0.00767918	-0.0136345	0.00684985	0.0245925	0.0260722	-0.0152302
WATDE0250	0.0304699	-0.0370163	0.0203555	0.0159399	-0.0150036	-0.00813163	0.0281293	-0.00289194	-0.000974368	0.0240783
WATDE0252	0.0251596	-0.0253701	0.0214465	0.0181007	-0.0172723	-0.00410494	0.00500658	0.0241492	0.00207226	0.0121122
WATDE0253	0.0249774	-0.0252158	0.0213804	0.0180835	-0.0172602	-0.00423935	0.00507043	0.0240002	0.00198514	0.0120842
WATDE0254	0.0194531	0.0274118	-0.006955	-0.00819682	-0.000478909	-0.00408343	0.00552443	-0.0222991	-0.00842114	0.02643
WATDE0255	0.0175935	0.0275079	-0.00623595	-0.00865732	-0.000922546	-0.00528386	0.00501925	-0.0238901	-0.00887617	0.0249703
WATDE0257	0.0287802	-0.0178978	0.0233659	0.00392571	-0.0109287	-0.0117331	0.0348075	0.00557628	-0.000126624	0.0158982
WATDE0258	0.0371955	-0.0161401	-0.00554568	0.0306454	0.00518356	-0.0100572	0.0629531	-0.0482835	-0.00486193	0.0412585
WATDE0259	-0.0324642	0.0250559	-0.0238565	-0.0234239	0.0485076	0.0367408	0.092057	0.0175023	-0.106706	0.000797412
WATDE0260	-0.0323982	0.0250954	-0.0238252	-0.0236632	0.0487578	0.0369832	0.0925404	0.0175555	-0.107122	0.000821483
WATDE0262	0.0107045	0.013101	-0.00525525	0.00705299	0.0164785	-0.00419508	0.0727123	-0.0323974	-0.0567307	0.00640037
WATDE0263	-0.00660188	0.0392705	0.00807723	-0.0200588	0.0198912	-0.00113826	0.0505789	0.00112576	-0.0504736	0.0197806
WATDE0264	0.0250365	0.0214002	-0.0213597	0.00746133	-0.00155256	-0.00362804	0.0028114	-0.0715049	-0.000215785	0.00169548
WATDE0266	0.0186449	0.0409555	-0.00892708	-0.0253778	-0.0017019	-0.00846329	0.000454382	-0.0249383	-0.0103001	0.0225615
WATDE0268	0.0196344	0.010072	-0.000723211	0.010981	0.000253968	-0.00465801	0.00781265	0.00134747	0.0165011	0.0139823
WATDE0270	0.0252332	0.0260838	-0.0117243	0.00480342	7.20E-05	0.00145339	-0.00716504	-0.0410273	0.000324615	0.00386391
WATDE0271	0.00839977	0.0131542	-0.00757457	0.00958155	0.0191828	-0.00374529	0.0735579	-0.0303811	-0.0572728	0.00248239
WATDE0272	0.0370629	-0.0159763	-0.00552565	0.0306439	0.00526888	-0.0101126	0.0625445	-0.0482214	-0.00514156	0.0411745
WATDE0273	0.0348015	0.00619546	-0.0178527	0.0215701	0.00483205	0.00229425	0.0342408	-0.09467	0.00648854	-0.0450271
WATDE0275	0.0261	-0.040845	0.0174191	0.0133671	-0.00936258	-0.0122107	0.0478124	-0.0199548	-0.0114425	0.0275497
WATDE0276	0.0254202	-0.101314	-0.00440304	-0.0766462	0.163384	-0.0615278	-0.0381665	-0.0107794	-0.0346109	0.011597
WATDE0277	0.00695581	0.00490558	-0.00878049	0.0124271	0.0163724	-0.00166649	0.0755948	-0.0355119	-0.0542497	0.000683709
WATDE0278	0.0145423	-0.015539	0.0199586	0.0160121	-0.000926559	-0.0036632	0.0266806	0.00412197	-0.0141427	-0.0087652
WATDE0280	0.0323587	0.00712117	-0.0232513	0.0437669	-0.00502707	0.014443	-0.0431693	0.0246579	-0.00432801	-0.00169623
WATDE0281	0.0201843	0.027085	-0.0227689	-0.00573105	-0.00895715	-0.0166808	-0.0243854	-0.0373145	-0.0107268	0.0574188
WATDE0282	0.0302509	-0.00224327	-0.0207419	-0.0074989	-0.00905589	0.0181448	-0.0100971	0.0128321	-0.0025901	0.0268125
WATDE0284	0.0361891	0.0125417	-0.0262182	0.0281984	-0.000522748	0.00882498	-0.000316847	-0.143	0.0263235	-0.104677
WATDE0285	0.0342314	0.00229632	-0.0194742	0.0163114	0.00141833	0.0168255	-0.013397	0.0195474	-0.0194021	0.0364747
WATDE0286	0.0333789	0.00125263	-0.00445676	0.00393472	0.00376035	0.000913971	0.0416946	-0.0228041	-0.0142469	0.0150016
WATDE0287	0.026144	0.0145329	-0.0271225	0.0112823	-0.00407929	0.00343994	-0.0204909	-0.0267687	-0.0163665	0.0500541
WATDE0288	0.0195324	0.00545225	0.00176081	-0.0342583	-0.0204401	-0.00142096	-0.0122695	-0.025584	-0.0257657	0.0746092
WATDE0290	0.0262752	0.00748746	-0.0300211	-0.0130737	-0.00994712	0.0183083	-0.0176251	-0.0339825	-0.00636153	0.0128664
WATDE0291	0.0310426	-0.0676289	-0.0573536	-0.0563302	-0.0639616	0.0551384	-0.0568815	0.0242772	0.0112292	0.0144432
WATDE0293	0.0217185	0.0527047	0.0064842	-0.0232716	0.00391117	-0.0109207	-0.0035303	0.0171464	0.0130365	-0.0100988
WATDE0294	0.010991	-0.0547471	-0.0390486	-0.139222	-0.0624051	0.0683187	-0.0085006	0.0428248	0.0433259	-0.0300283
WATDE0296	0.021699	0.0526394	0.00642889	-0.0231766	0.00390184	-0.0109057	-0.00348823	0.0168891	0.0129792	-0.0101539
WATDE0298	0.0235495	0.0365585	-0.00849575	0.00297195	0.00473353	0.00753428	-0.0266245	0.0285929	0.00762167	-0.00297135
WATDE0299	0.0226231	0.0479346	-0.00105347	-0.0128941	0.00284408	-0.00231953	-0.00605056	-0.0304314	0.0266496	-0.0499295
WATDE0301	0.0223405	0.0478235	-0.00103513	-0.0127995	0.0027723	-0.00251848	-0.00585501	-0.0303473	0.0263902	-0.049473
WATDE0302	0.0304463	0.0284385	-0.0134107	0.00603388	0.00250916	0.00106921	0.00757691	-0.0954019	0.0298269	-0.089007
WATDE0303	0.0357897	0.0125396	-0.0260072	0.0279907	-0.000518727	0.00862498	-0.000273921	-0.141321	0.0260115	-0.103468
WATDE0304	0.0239866	0.0269597	-0.0106346	0.0162362	-0.000491383	0.00275034	-0.0187298	-0.0191636	0.0105623	-0.0436544
WATDE0305	0.0362006	0.0123789	-0.0264206	0.0283045	-0.000667718	0.00888593	-0.000834217	-0.143453	0.0270324	-0.106084
WATDE0306	0.0291528	0.0272991	-0.0139334	0.0144209	0.00127541	0.00176084	-2.67E-05	-0.102364	0.0234549	-0.084625
WATDE0308	0.00800923	0.040809	0.00302456	-0.013879	0.000373753	-0.00830204	-0.00242512	-0.015402	0.0110461	-0.0409102
WATDE0310	0.0146899	0.0264404	-0.0192759	-0.012145	-0.00924786	-0.0209234	0.00338438	-0.0245338	-0.00612096	0.0221477
WATDE0312	-0.0311282	0.0191618	-0.0139348	0.0165611	0.00452776	-0.0215174	0.0019795	0.0312351	-0.00871708	-0.021841
WATDE0313	0.0196437	0.0368581	-0.00399855	-0.00602229	0.00630118	-0.0132943	0.0172806	0.00162971	0.00720302	0.0147092
WATDE0315	-0.0164752	-0.0329685	-0.00427577	0.00384802	-0.0293686	-0.0490669	0.0409218	0.0165441	-0.0120833	0.0204084
WATDE0316	-0.0265785	0.0304016	-0.0317076	-0.00436102	-0.0345216	-0.0815184	-0.00574113	-0.0169032	0.00544914	-0.0062007
WATDE0317	0.0281275	0.00893044	-0.00681846	0.0200214	0.000921169	-0.00365061	0.00916756	-0.0141612	-0.0126168	0.032384
WATDE0318	0.0285312	0.00581858	-0.00863452	0.0201044	0.00166783	-0.00258308	0.00516327	-0.0129414	-0.0128962	0.0345593
WATDE0319	0.0274933	0.00339276	-0.0105133	0.0132103	-0.000198751	0.000959337	0.00356778	-0.00813069	-0.012442	0.0348205
WATDE0321	0.0201872	0.0271009	-0.0228181	-0.00575209	-0.00901362	-0.0167683	-0.0243937	-0.0373495	-0.010813	0.0574617
WATDE0323	-0.0282555	0.0194223	0.00453497	-0.00263935	0.0140715	0.0444165	-0.01132	-0.0678492	0.0850388	0.0538085
WATDE0324	0.0151179	-0.115897	-0.10306	-0.189393	-0.108223	0.108971	-0.0135556	0.0243935	0.0541839	-0.0379223
WATDE0325	0.0216804	-1.57E-05	0.0206	-0.0166071	-0.0142348	-0.013052	0.00365917	4.49E-05	-0.0141506	0.0576048
WATDE0328	0.0273195	-0.0213242	0.0193586	0.00546158	-0.0150433	-0.0111552	0.0213018	-0.00542071	-0.000511915	0.0314505
WATDE0329	0.0319898	0.00243056	-0.0235192	0.0274011	-0.00137911	0.0151142	-0.0209453	0.0112781	-0.0039387	-0.0252376
WATDE0331	0.0213407	0.0442941	-0.0121586	-0.0276268	0.00247591	-0.00886572	-0.00881767	-0.0252404	-0.0110349	0.0658218
WATDE0332	0.0100339	0.0255208	0.0476628	-0.0364759	-0.00448584	-0.0178433	0.024157	0.0207183	-0.0456294	0.0277384
WATDE0333	0.00996896	0.025464	0.0476222	-0.0363616	-0.00454252	-0.0179048	0.0241357	0.0206612	-0.0456057	0.0276602
WATDE0334	-0.0283275	0.0194342	0.00456978	-0.00266265	0.0140434	0.0443373	-0.0113201	-0.0677543	0.0850204	0.0538849
WATDE0335	0.0191142	0.0109366	0.0302227	-0.0124069	-0.0136839	-0.0101207	0.00382629	0.0253555	0.00565513	-0.00182853
WATDE0336	0.0258862	-0.00225124	-0.0459397	0.0714737	0.00820988	0.0386049	-0.0829161	0.0665634	-0.0247447	0.00156224
WATDE0337	0.0351078	0.0123346	-0.0320274	0.029186	-0.00295651	0.00966317	-0.0118712	-0.125387	0.00880151	-0.0596508
WATDE0340	0.0240216	0.0372299	-0.0226117	-0.00824386	-0.0021519	-0.00501443	-0.0183917	-0.0346367	-0.0108233	0.0530375
WATDE0342	0.025249	0.0367369	-0.0259401	-0.00995371	-0.00413189	-0.00388627	-0.022674	-0.0502863	-0.0193391	0.0711858
WATDE0343	0.0241024	0.00562117	-0.0430618	0.0457654	0.00706398	0.0255826	-0.046501	0.0209991	-0.0199767	0.0178364
WATDE0344	0.0359944	0.0125735	-0.0261877	0.0282125	-0.000518477	0.00873588	-0.000285951	-0.14244	0.0261459	-0.104214
WATDE0345	0.0360076	0.0125674	-0.0261379	0.0281186	-0.00054799	0.00867169	-0.000305941	-0.142384	0.0261894	-0.104134
WATDE0346	0.0265371	0.0214316	-0.0327544	0.00356492	-0.00439421	0.0041989	-0.0226867	-0.0562204	-0.0245676	0.0560976
WATDE0347	0.0262819	0.0345413	-0.0294263	-0.00816359	-0.00277352	-0.00347101	-0.0212718	-0.0586922	-0.0245928	0.0781009
WATDE0348	0.0285025	0.0330414	-0.0328021	-0.00769456	-0.00346594	-0.00150242	-0.0229554	-0.0677506	-0.0251232	0.0736099
WATDE0350	-0.0187585	-0.00156103	-0.0275257	0.0201417	0.0116421	0.0277303	0.0314546	-0.0220545	-0.00429965	-0.0861065
WATDE0352	0.028651	0.0330658	-0.0329213	-0.00775541	-0.00344113	-0.00133454	-0.0231645	-0.0678272	-0.0251043	0.0736146
WATDE0353	0.0310487	0.00529831	-0.0269479	0.0189363	-0.00593077	0.0150583	-0.0385344	-0.00249844	-0.00789421	-0.00133496
WATDE0354	0.0309973	0.00548218	-0.0268427	0.0187546	-0.00589632	0.0149012	-0.0383939	-0.00254616	-0.00788306	-0.00109708
WATDE0355	0.0213084	0.0507857	-0.00569628	-0.0217118	0.00725473	-0.00903734	0.00800652	-0.012107	-0.0250208	0.0391212
WATDE0356	0.0198922	0.0554682	0.00346618	-0.0324282	0.00988883	-0.0150538	0.0228107	-0.00133632	-0.0301936	0.0420536
WATDE0358	0.0199502	0.0555193	0.00346457	-0.0325243	0.00992494	-0.015016	0.0228282	-0.0013146	-0.0302431	0.0420916
WATDE0359	0.0198613	0.0554633	0.00344563	-0.0324448	0.00987554	-0.0150913	0.0228097	-0.00131652	-0.0301815	0.0420334
WATDE0361	-0.0519913	-0.0039227	-0.0381885	0.00517271	0.0393301	0.0428435	0.0699965	0.0218208	-0.0706716	-0.0360007
WATDE0363	-0.0500695	-0.00384981	-0.0355231	0.00641401	0.0403254	0.0460903	0.0665621	0.021186	-0.0662401	-0.0323768
WATDE0365	-0.0061264	0.0121609	-0.0384213	-0.00930725	0.0138536	0.0291149	0.0220912	-0.03693	-0.06136	-0.0108043
WATDE0366	0.0253831	0.0186655	-0.0133288	0.00734581	-0.000951229	0.00990877	-0.0140806	-0.0221945	-0.00214043	-0.013105
WATDE0368	0.0310069	-0.00163502	0.00213805	0.0118319	0.00437958	-0.0119887	0.0532714	-0.0234151	0.0150545	0.00343895
WATDE0369	0.0203473	0.0454044	0.0127995	-0.0222629	0.00609522	-0.0161452	0.0240448	0.0176666	0.0301861	0.00366216
WATDE0370	0.035707	-0.0216404	-0.017046	0.0480997	0.00455642	0.0106502	0.0235502	-0.0164011	0.0169072	0.00115649
WATDE0371	0.0329838	-0.0677893	0.0288	0.033509	-0.0122888	-0.0176627	0.0718632	-0.0227939	0.016919	0.0464686
WATDE0372	0.0329327	-0.068551	0.0342761	0.0339732	-0.0140904	-0.0192826	0.0826081	-0.0291315	0.0203692	0.0504721
WATDE0373	0.0285661	-0.0451215	0.0299636	0.0177649	-0.0169469	-0.00982896	0.0497928	-0.0151319	0.0122231	-0.0193949
WATDE0374	0.0151808	-0.0256156	0.0323912	-0.00487338	-0.0150978	-0.00964728	0.0223523	0.0172573	0.01275	-0.00696103
WATDE0375	0.0327929	-0.0630038	0.0297442	0.0233677	-0.00763468	-0.0146315	0.0585375	-0.0227573	0.0123282	0.0214955
WATDE0377	0.0246562	-0.0403359	-0.00524115	0.0510812	-9.47E-05	0.0229594	-0.0389405	0.0645919	-0.00392757	0.0248213
WATDE0378	0.0184842	-0.027176	0.0310816	-0.00326865	-0.014972	-0.00464306	0.0286428	0.00851716	-0.00255167	0.0142931
WATDE0379	0.0212327	0.0335091	-0.0228649	0.00235453	-0.00151203	-0.00107806	-0.0252509	-0.0342892	-0.00871307	0.0419008
WATDE0381	0.0189358	-0.0417735	0.0158126	-0.00805532	-0.0112331	0.0116863	0.0534711	0.0122664	-0.0137915	-0.0285807
WATDE0382	0.0224755	0.00231996	-0.0361402	0.0595998	0.00652055	0.0344727	-0.0509656	0.0510423	-0.01413	-0.0053492
WATDE0383	0.0358007	-0.0217294	-0.0170743	0.0481842	0.004584	0.0107237	0.0235318	-0.0163183	0.0169776	0.00112589
WATDE0385	-0.0114675	-0.00180328	-0.0221432	0.0272313	0.0336324	0.0143348	0.0656781	-0.00446297	-0.0384467	-0.004399
WATDE0386	0.00635501	0.00208396	0.0286976	-0.0271178	-0.00853261	-0.00409337	0.0162274	0.0418639	-0.0089657	-0.0182559
WATDE0387	0.0198077	0.0575861	0.00850315	-0.0292364	0.00891924	-0.0133424	0.0100455	0.0330968	0.0275265	-0.0127669
WATDE0389	0.0196424	0.0574578	0.00845558	-0.0290561	0.00885293	-0.0133865	0.0100635	0.0328281	0.0273326	-0.0126855
WATDE0391	0.0102634	0.00588341	0.0377817	-0.0398714	-0.00543762	-0.00450988	0.0357414	0.047032	0.0133303	-0.02826
WATDE0392	-0.00611036	0.00396261	0.0589549	-0.0235307	-0.0145567	-0.00575824	0.00831107	0.0225933	0.0461779	-0.015897
WATDE0394	-0.0163645	0.0181542	0.00337776	-0.0308331	0.0210602	0.0119349	0.0173583	-0.00443045	-0.0093651	-0.00813137
WATDE0396	-0.0718032	-0.0075936	-0.020099	-0.00250462	0.0277736	0.0334122	0.0466332	0.00584375	-0.0425743	-0.0246608
WATDE0397	-0.0853553	-0.00200932	-0.017633	0.00194164	0.0443706	0.0663446	0.0524356	-0.00621841	-0.032908	-0.0156812
WATDE0399	-0.0218785	-0.0186448	0.0148389	0.0157446	0.00514174	0.0226343	0.0247221	-0.0443212	0.0470084	0.0284774
WATDE0401	-0.00502015	-0.00313557	-0.0386876	0.0423178	0.0121393	0.0229347	-0.0178503	0.0398402	-0.013758	0.00598628
WATDE0403	0.0305419	-0.050275	0.0263074	0.0252513	-0.011007	-0.0135124	0.0519896	-0.00530231	-0.00676069	0.0533648
WATDE0404	-0.0400347	-0.0336819	0.0102889	0.0485087	0.0273342	0.0374471	0.0387616	-0.0564276	0.0866016	0.0439838
WATDE0405	-0.060273	-0.00199396	-0.0275809	0.0116332	0.0388063	0.069978	0.0287914	0.00825532	-0.0373582	-0.0266806
WATDE0407	0.0288137	-0.0348446	0.024018	0.0208716	-0.0140883	-0.00774969	0.024589	-0.00991906	-0.00536664	0.00664392
WATDE0408	0.0243127	-0.0468433	0.0138284	0.00775425	-0.0111656	0.00736785	0.0390848	-0.0129004	-0.0196962	-0.0205714
WATDE0409	0.0343729	-0.0662502	0.0320014	0.0330184	-0.00917105	-0.0182337	0.0850884	-0.029901	0.0185574	0.0626228
WATDE0410	0.0345214	-0.066497	0.0320826	0.0330818	-0.00913712	-0.0182085	0.0853581	-0.0299494	0.0186605	0.0628858
WATDE0411	0.0364112	-0.0585986	0.0245645	0.0298478	-0.00995534	-0.0145766	0.0631175	-0.0292226	0.0102581	0.0359903
WATDE0412	0.0281771	-0.0201828	-0.0265684	0.051173	0.00543016	0.0168718	0.00869809	-0.0106299	0.00627036	-0.0914829
WATDE0413	0.0163273	-0.0212628	-0.0193114	0.0169622	0.0183939	4.49E-05	0.00469673	-0.0361445	0.031081	0.0421929
WATDE0415	-0.00701846	-0.0971177	0.00767278	-0.0222116	0.202405	-0.0634008	-0.0752494	0.00450943	0.0264853	0.00329886
WATDE0417	0.0317372	0.00484956	-0.0248419	0.043319	-0.00352309	0.0156131	-0.0423547	0.0206545	-0.015356	0.0101907
WATDE0419	0.0286893	-0.0659166	0.0240345	0.0156744	-0.0125004	-0.0122661	0.0656628	-0.00671157	0.0166889	0.0756363
WATDE0420	0.0206646	-0.0699351	-0.0211356	-0.0336405	0.19638	-0.0803307	-0.0814506	-0.0480282	0.0391561	0.00992897
WATDE0421	0.0192843	-0.0661639	0.00938191	-0.0271121	0.00144668	0.00302611	0.0535513	0.000952059	-0.00602649	0.0403131
WATDE0423	0.0113655	-0.0633324	-0.00742151	-0.0487621	-0.0250505	0.0135339	0.0452307	0.0100128	-0.000995693	0.0175022
WATDE0424	0.0263285	0.0183783	-0.0181342	0.0265154	-0.000823518	0.0196244	-0.0369712	-0.0217344	-0.0072572	-0.0264632
WATDE0425	0.0259885	-0.00228078	-0.0459727	0.0715511	0.0082362	0.0387285	-0.0830991	0.0666812	-0.0247578	0.00150615
WATDE0426	0.0191876	-0.0223547	-0.00553175	0.0607068	-0.00299078	0.0247584	-0.0659417	0.0886737	-0.0276567	0.00421895
WATDE0427	0.0190722	-0.0223249	-0.00552639	0.0605724	-0.00299265	0.024594	-0.0656144	0.0883296	-0.0277111	0.0043479
WATDE0428	0.0249236	-0.000461057	-0.0444134	0.0723505	0.0108022	0.0377348	-0.0845619	0.065937	-0.0250893	0.00970676
WATDE0429	0.0319005	-0.00387372	-0.0252245	0.0517341	0.000151439	0.0199063	-0.0449172	0.0365612	-0.00723426	0.0150632
WATDE0430	0.0301101	-0.00110394	-0.0260997	0.0481306	-0.00480689	0.0173987	-0.0488593	0.0353485	-0.0096129	-0.00485934
WATDE0431	0.037985	-0.0373739	0.0169376	0.0463503	-0.02292	0.000778792	0.02405	0.000901965	0.0082572	-0.165891
WATDE0432	0.0204271	-0.0346512	-0.00294842	0.0542012	-0.00475287	0.0213907	-0.0459806	0.0580738	-0.0234751	0.0098254
WATDE0433	0.0108983	-0.000938581	-0.0185107	0.0508704	0.0122124	0.0123169	0.0165127	-0.00526878	-0.0131119	-0.0844973
WATDE0434	0.0380388	-0.0374916	0.0170272	0.0463746	-0.0230106	0.000811178	0.0240007	0.0010925	0.00842417	-0.166556
WATDE0435	-0.00064609	0.00330501	-0.0436405	0.007964	-0.0052073	0.0370854	-0.024118	-0.00336334	0.00938166	-0.0461915
WATDE0436	0.0206511	-0.0149178	0.0268559	-0.00392248	-0.00994826	-0.00542661	0.0236327	0.0289369	0.00598182	0.00648707
WATDE0438	0.0203542	0.0205547	0.000713023	-0.00708682	0.00775448	-0.00285556	0.0201887	0.00929815	0.0213865	0.0134261
WATDE0439	0.0328023	-0.068134	0.0341135	0.0338718	-0.0139958	-0.0192921	0.0823945	-0.0290593	0.0205056	0.0503612
WATDE0440	0.0256032	-0.00875695	0.0094138	0.01713	0.00584684	-0.0155478	0.0620626	-0.0313287	0.0342062	0.0190428
WATDE0441	0.0274379	-0.0556527	-0.00715343	-0.0253178	-0.0347988	0.0239329	0.00239365	0.0259748	0.0217774	0.00150627
WATDE0442	0.0304542	-0.0382554	0.0205712	0.0200425	-0.0167173	-0.00128138	0.0160699	0.00782509	0.00123029	0.0280628
WATDE0443	0.0207658	-0.0431284	0.0168371	0.00739969	-0.0151133	-0.0125352	0.0101917	0.0192679	0.0182192	0.0111908
WATDE0444	0.0321299	-0.0354312	0.00322896	0.0213496	-0.0150137	0.00826067	-0.00627857	0.00647984	0.00837153	-0.00282308
WATDE0445	0.0263631	-0.0477015	0.0262416	0.0170054	-0.010507	-0.00908034	0.0226885	0.019989	0.0137324	0.0420209
WATDE0446	0.0276207	-0.0429483	0.0176899	0.0170007	-0.00985081	-0.00358529	0.0129951	0.0311908	0.0150414	0.0308568
WATDE0448	0.0253774	-0.0175018	0.0253424	0.000720068	-0.00689466	-0.0087449	0.00880008	0.024829	0.0162169	0.0181592
WATDE0449	0.0318333	-0.0665896	0.022259	0.0110971	0.00587558	-0.0132737	0.0393928	0.00779482	0.0174256	0.041501
WATDE0450	0.0323931	-0.0310273	-0.0221706	0.0127692	0.00499106	0.0104793	0.00615474	0.0027423	0.0155511	0.0309273
WATDE0451	0.019622	-0.0459948	0.00527209	0.011321	-0.0211028	-0.0122454	-0.00595894	0.038107	0.00728534	-0.00755339
WATDE0452	0.0322674	-0.0496438	0.0211494	0.0219208	-0.010773	-0.00926685	0.0274831	0.00132023	0.010076	0.00583774
WATDE0453	0.0277858	-0.0569702	0.024669	0.0147003	-0.00676347	-0.0107138	0.0384204	0.00552255	0.0138571	0.0438385
WATDE0454	0.0139207	-0.0478089	0.0256121	-0.00513509	-0.0141407	-0.0260587	0.0204004	0.0246563	0.0262732	0.020103
WATDE0455	0.0236249	-0.0497402	0.0269584	0.00547789	-0.00293576	-0.013746	0.0317421	0.0140702	0.0222988	0.0210755
WATDE0456	0.000641584	-0.029837	0.0310764	-0.0218293	-0.0204708	-0.02851	0.007411	0.0258776	0.0143953	-0.0112671
WATDE0457	0.0321798	-0.0321048	0.0242681	0.0311978	-0.0211812	-0.00338172	0.0234677	-0.00294263	0.0103796	-0.128351
WATDE0460	0.00375815	-0.0310717	0.0485729	-0.00205043	-0.0210453	-0.00661701	0.0194869	0.00488414	0.00898875	-0.0109695
WATDE0461	0.0136841	-0.0371507	0.0431504	-0.00411729	-0.00938333	-0.0114647	0.0401489	0.0167386	0.0179397	0.0250901
WATDE0462	0.0106474	-0.0396615	0.0313973	-0.0156511	0.00379655	-0.0141632	0.00300038	0.0120614	0.0183371	0.01341
WATDE0463	-0.0171031	0.010907	-0.0110682	0.03771	0.0110108	0.0289006	-0.0476435	0.0239606	0.00496001	0.0117198
WATDE0465	0.0190364	0.0649203	0.010181	-0.0376759	0.0083985	-0.0162406	0.0100778	0.0298929	0.0369439	-0.01282
WATDE0467	0.00866812	0.0437743	0.00947414	-0.0157262	0.00745935	-0.00643606	0.00644408	0.00944772	0.0298583	-0.00870561
WATDE0469	0.0181633	0.00417802	-0.0366037	0.0637997	0.0113102	0.0342244	-0.0702603	0.056262	-0.0201766	0.00451664
WATDE0471	0.0180289	0.00408147	-0.0366672	0.0638384	0.0112436	0.0341089	-0.0700518	0.0560278	-0.0202851	0.00472998
WATDE0474	-0.0404022	-0.0339981	-0.00635656	0.00498912	-0.0295099	-0.0464856	0.0196111	0.0489473	-0.00341736	-0.00226058
WATDE0477	-0.0689287	-0.0176277	-0.00583567	0.00865353	-0.0293819	-0.0593732	0.00513481	0.0378068	-0.0171013	-0.0138519
WATDE0479	-0.0371674	-0.0270484	-0.0374328	0.0207531	-0.0475484	-0.0923165	0.0229993	-0.0257608	0.0324432	0.0181623
WATDE0481	-0.0445528	-0.0293874	0.00788877	0.01323	-0.0431682	-0.0627375	-0.000148456	0.00170238	0.0100587	0.0342359
WATDE0482	-0.0492151	0.00751939	-0.0132223	-0.00994371	-0.00584182	-0.0012301	-0.0243996	-0.00254827	-0.030956	-0.00346917
WATDE0484	-0.00904254	-0.031071	-0.0953066	-0.0877937	-0.0412057	0.0403325	-0.0301841	-0.0400611	-0.0320512	0.070378
WATDE0486	-0.0146397	-0.0341042	0.00609383	0.0474348	-0.00708362	0.0166621	-0.0225219	0.0574347	-0.0129069	0.0186504
WATDE0487	-0.00886376	-0.0385918	-0.00491595	0.0489389	-0.00688185	0.0162137	-0.0225068	0.0519256	-0.0141367	0.013433
WATDE0488	0.00675955	-0.0393329	-0.108508	-0.117682	-0.0389134	0.0573745	-0.0351825	-0.0554658	-0.0443851	0.109599
WATDE0489	0.0310145	-0.0508102	0.0265102	0.0255514	-0.0111643	-0.0133926	0.0519947	-0.00499532	-0.00662502	0.0538583
WATDE0490	0.0118919	-0.0157557	0.0344126	-0.0297756	-0.00692084	0.00136011	0.0308092	0.0455596	-0.00861436	-0.0055366
WATDE0492	0.0193866	-0.0053055	0.0213735	-0.0224908	-0.0159299	-0.00661939	-0.0176947	0.0421927	0.0031203	-0.00584139
WATDE0494	0.0199901	0.0618085	0.0111558	-0.0313229	0.00762481	-0.0141888	0.00651079	0.0259784	0.0279246	-0.0124765
WATDE0496	0.0198753	0.0616774	0.0111126	-0.0311721	0.00759141	-0.0142304	0.00661051	0.0257349	0.0277473	-0.0123568
WATDE0498	0.0199992	0.0618198	0.0111512	-0.031322	0.00763359	-0.014175	0.0064903	0.0259947	0.027935	-0.0125212
WATDE0500	0.0176875	0.0643331	0.014858	-0.0360838	0.00951974	-0.0163897	0.016985	0.032288	0.0378557	-0.0172275
WATDE0501	0.0178816	0.0640576	0.0148746	-0.0360854	0.00961852	-0.016269	0.0171849	0.031603	0.0373574	-0.0174134
WATDE0502	0.0147086	0.0216454	-0.0192201	0.0280554	0.0147848	0.0153815	-0.0240153	0.0487304	-0.0052346	0.00245709
WATDE0503	0.0147891	0.0543261	0.0170877	-0.0303421	0.00565427	-0.0154488	0.0133377	0.0227989	0.0196709	-0.00860476
WATDE0504	0.0211799	0.0429542	-0.0210733	-0.0112503	0.00089519	-0.0074082	-0.0156079	-0.0417867	-0.0101631	0.0540865
WATDE0505	0.019	0.0648698	0.0101201	-0.0375689	0.00835159	-0.0162867	0.0101436	0.0296979	0.0367217	-0.0127658
WATDE0507	0.0162936	0.0632504	0.0148435	-0.0386161	0.0093317	-0.0177633	0.0144064	0.0334988	0.034563	-0.0151908
WATDE0509	0.0205044	-0.0325497	0.0153358	0.0265203	0.00161635	-0.00338063	0.033177	0.00079487	-0.00330947	0.0159933
WATDE0510	0.0383002	-0.037636	0.0169753	0.0465516	-0.0229997	0.00100851	0.0240556	0.0010877	0.00845312	-0.167264
WATDE0511	0.0198809	0.0418156	0.00360336	-0.00710159	0.00384448	-0.00344734	-0.0118467	0.0324445	0.0213947	-0.0169028
WATDE0512	0.0190886	0.0188262	-0.00240292	0.00190668	-0.00465572	0.00233945	-0.00939169	-0.00974442	0.00222816	-0.00714672
WATDE0513	0.0323824	0.0222352	-0.0185436	0.0190337	0.00327792	0.00471937	-0.0368872	0.0361048	0.0100769	0.00185775
WATDE0515	0.0272696	-0.039481	0.0251672	0.0185886	-0.0136322	-0.00867377	0.0240743	0.000381082	-0.00243957	0.0236374
WATDE0516	0.0130478	0.0489311	0.018198	-0.0267503	0.00405296	-0.00684085	0.00414875	0.0222143	0.0169569	-0.00676434
WATDE0518	0.0131442	0.0491011	0.018234	-0.0267584	0.00411499	-0.00673911	0.00410367	0.0222319	0.0168596	-0.0068613
WATDE0519	0.0179782	0.0548265	0.0108873	-0.0349216	0.00610549	-0.0104768	0.0102062	0.0285096	0.0277598	-0.0160903
WATDE0520	0.0192568	0.0369887	0.00526334	-0.00209929	0.00441976	-0.0102948	-0.000336176	0.0189241	0.0167601	-0.00526561
WATDE0521	0.0113244	0.0144839	0.0476815	-0.0242886	-0.00932325	-0.0186768	0.0159734	0.0287887	-0.00446602	0.019107
WATDE0522	0.020661	0.0403041	0.00185737	-0.0082275	0.00310613	-0.00427968	-0.00716654	0.00817406	0.0136546	-0.0116979
WATDE0524	0.0164321	0.0590507	0.0164058	-0.0319426	0.00675836	-0.0155459	0.0152304	0.0260436	0.0332566	-0.015218
WATDE0527	0.0294119	0.0039091	-0.00208487	0.0138456	0.000459771	0.0014959	0.0148056	5.87E-06	0.0167436	0.00118748
WATDE0529	0.0178656	-0.00312198	0.0290844	0.000982823	-0.0192645	-0.00550991	-0.00877241	0.0349706	-0.00569486	-0.0113075
WATDE0531	0.0173284	0.0151166	0.00268785	-0.00372612	0.00159525	-0.0120712	0.0128536	0.0129263	0.0282634	0.00302728
WATDE0533	0.0150676	0.0231074	0.0428199	-0.0294747	-0.00832533	-0.0195005	0.0171548	0.04639	0.0251007	-0.0128368
WATDE0534	0.0108752	-0.00275859	0.0371992	-0.00357672	-0.0173288	-0.0073549	-0.00467868	0.0311498	-0.0166763	-0.00742919
WATDE0536	0.016913	0.0427719	0.011105	-0.0155742	0.00510936	-0.00754373	-0.00546548	0.0426431	0.0123473	-0.00943285
WATDE0537	0.0149697	0.0135674	0.0432313	-0.0218551	-0.0100755	-0.0145231	0.0105396	0.0345291	0.00124333	-0.00651122
WATDE0538	0.0178108	0.0224701	0.0420019	-0.0294392	-0.0087693	-0.0174367	0.00707514	0.0605329	0.0221067	-0.018146
WATDE0539	0.0150179	0.0135548	0.0432621	-0.0218726	-0.0100728	-0.0144966	0.0105349	0.0345614	0.00121939	-0.00648887
WATDE0540	0.013502	0.050456	0.0187816	-0.0244387	0.00679641	-0.0121839	0.0125547	0.0171471	0.0239069	-0.00837644
WATDE0541	0.0225682	0.00449733	-0.0379018	0.0655366	0.0118939	0.0323737	-0.0670773	0.0577385	-0.0163901	1.20E-05
WATDE0542	0.0229577	-0.0122027	-0.000761822	0.0500477	-0.00571631	0.020148	-0.0550706	0.0735179	-0.0238779	-0.0374071
WATDE0543	0.0199273	0.0578483	0.00794462	-0.028595	0.00750543	-0.014716	0.00782322	0.023848	0.0234138	-0.00417584
WATDE0544	0.0162744	0.0274094	-0.0352221	0.0388973	0.00963248	0.0190405	-0.0487067	0.0147273	-0.0251944	0.033784
WATDE0546	0.0240037	-0.00116727	-0.0440303	0.0698853	0.00827487	0.036563	-0.0781798	0.0598249	-0.0222971	-0.00516668
WATDE0547	-0.0195124	0.0175546	-0.00577967	0.0244687	0.0163423	0.0215637	-0.0196652	0.0151726	0.00730481	0.014296
WATDE0549	-0.0491964	0.00809956	0.0154359	-0.00581314	0.0147206	0.0470403	-0.0607539	-0.0315742	-0.0471116	0.0259057
WATDE0550	-0.00450671	0.02689	0.0134468	-0.00814813	0.00397641	0.0144282	-0.0405365	0.0175663	-0.0133784	0.0117064
WATDE0552	-0.047336	0.00608577	0.00867747	-0.018987	0.0229074	0.057455	-0.0374511	-0.00878313	-0.0551989	0.00719286
WATDE0553	-0.0129157	0.00399615	0.0133441	-0.00359026	0.00251859	0.0153941	-0.0200244	-0.0151902	0.00476465	0.0242033
WATDE0555	0.0101955	-0.0198669	0.037638	0.000502672	-0.0207047	0.00133986	0.00679735	0.0317362	0.0112	-0.00504952
WATDE0556	0.0268656	-0.0569522	0.0319763	0.0265029	-0.00938927	-0.0167563	0.0685348	-0.0184471	0.0232785	0.0340003
WATDE0557	-0.00120534	0.0153872	-0.0228078	0.0399674	0.0137034	0.0193458	-0.0305851	0.0445365	-0.02993	-0.00138317
WATDE0558	0.014896	-0.00407943	0.0358972	-0.016296	-0.0210764	-0.00486621	0.00654521	0.0289435	0.018042	-0.0238606
WATDE0560	0.012605	0.0139423	0.0370085	-0.0411574	-0.00577516	0.00318966	0.0055304	0.0617575	0.013789	-0.0331119
WATDE0561	0.0123806	0.013914	0.0369405	-0.0409834	-0.00581403	0.00300549	0.00565248	0.0614042	0.0136117	-0.0328402
WATDE0562	0.0164047	0.00404952	0.00377522	0.00587255	-0.00179996	-0.000464256	0.00910449	0.00180248	0.0158843	0.00796567
WATDE0563	0.0154503	-0.0131113	0.0262936	-0.00761114	-0.0232957	-0.00454547	0.00271842	0.0141685	0.011779	-0.015419
WATDE0565	0.0327356	-0.068594	0.0310856	0.0297086	-0.0104843	-0.01891	0.0817302	-0.0276031	0.0192744	0.0518306
WATDE0566	0.0277563	-0.0604517	0.0108229	0.0373621	0.000669944	-0.000583595	0.0361561	-0.0092574	0.00572354	0.0229088
WATDE0567	0.016186	0.0113346	-0.0297403	0.0586466	0.00965429	0.026634	-0.0668233	0.0616294	-0.0217863	-0.00305096
WATDE0568	0.0163124	0.0129961	-0.0334747	0.054901	0.00832542	0.025273	-0.0709798	0.069593	-0.0238175	4.82E-05
WATDE0569	0.00800182	-0.122202	-0.108486	-0.195868	-0.107687	0.108463	-0.0249341	0.0180347	0.049059	-0.0384848
WATDE0570	0.0123442	-0.120095	-0.111507	-0.197132	-0.106639	0.109502	-0.0286199	0.0178322	0.0473298	-0.0413282
WATDE0571	-0.00739367	0.0134516	-0.00669207	0.0263235	0.00553305	0.00490966	-0.00703551	0.0261729	-0.03573	-0.00308933
WATDE0572	0.0248276	-0.0266367	0.00600344	0.0405425	-0.0165	0.0140384	-0.0481793	0.0733525	-0.0165254	0.00523559
WATDE0574	-0.0887626	-0.00976198	-0.0541876	0.00451248	-0.048271	-0.0997662	0.003422	-0.00616764	0.0130591	-0.0221931
WATDE0577	0.0381269	-0.0587319	0.0168046	0.029561	-0.00879392	-0.00706773	0.0350211	-0.0146094	0.0122078	0.0160748
WATDE0578	0.00935035	0.00612741	0.0412796	-0.0398341	-0.00979808	0.00264486	0.0173055	0.0531122	0.0173997	-0.0411026
WATDE0579	0.00729131	-0.0137492	0.0371004	-0.0198373	-0.00803019	0.0181873	0.0162621	0.0420105	0.0284248	-0.0548378
WATDE0581	-0.0478649	0.0110962	0.0370167	0.00310532	0.00377504	0.0233562	-0.0210479	-0.0339538	0.0393185	0.0147842
WATDE0582	0.00430048	-0.0168643	0.0441377	-0.00461642	-0.020228	0.00120795	0.0099046	0.0316255	0.0124433	-0.00748856
WATDE0585	-0.0431856	-0.000307078	-0.0196735	0.0437026	0.00603259	0.00750947	-0.0234531	0.00218657	0.042464	0.0223425
WATDE0586	0.0170353	0.0624521	0.0117315	-0.0325423	0.0115281	-0.0144799	0.013415	0.031872	0.0266333	-0.0138581
WATDE0588	-0.0303936	-0.0574024	-0.0672931	-0.0598959	-0.0184103	0.058079	0.0371175	0.0466323	-0.0621317	0.00705009
WATDE0589	-0.00716704	0.0287649	-0.0326943	-0.0623395	0.00743397	0.0148522	0.0484277	0.0323338	-0.0139176	-0.0366384
WATDE0591	0.0209323	0.00213558	-0.0400455	0.065745	0.0065058	0.0317573	-0.0739568	0.0711305	-0.0236278	0.00321137
WATDE0592	0.0144516	0.0309958	-0.00856942	0.0165335	0.00265859	0.000274828	-0.0349333	0.0444155	-0.00283198	-0.0191742
WATDE0594	-0.0477545	0.0186987	-0.0153744	-0.00780321	0.0313369	0.0370946	0.0260814	0.0168445	-0.00463062	-0.0108397
WATDE0596	0.00229593	0.00876426	0.0395219	-0.0434699	-0.00559681	0.00352286	0.0232593	0.0469389	0.0125487	-0.036044
WATDE0597	-0.0571367	-0.0196606	0.00827616	0.0155287	0.0162127	0.00603751	0.062646	0.037034	-0.0579397	-0.0231216
WATDE0598	-0.00515262	0.00807038	-0.022879	0.0371211	0.0186055	0.0263143	-0.0161376	0.0397083	-0.01511	0.012064
WATDE0599	-0.00561531	0.00601176	-0.0213163	0.0411243	0.018159	0.0280541	-0.0178323	0.042502	-0.0117457	0.0117996
WATDE0600	-0.0517252	0.0372729	0.0105746	0.00304086	0.0276198	0.0311614	-0.00398082	0.0061003	0.067642	0.00256995
WATDE0601	-0.0575406	0.00337364	-0.025648	0.00645789	0.0318068	0.037516	0.0469908	0.0210912	-0.0432317	-0.0247106
WATDE0602	-0.0849364	0.00603492	0.00634457	0.0108392	0.0120083	0.0210016	-0.0029114	-0.0297414	0.0808224	0.0020922
WATDE0603	-0.0545051	-0.00565664	-0.00767019	0.0243983	0.0145948	0.0185271	0.0137068	-0.00250238	0.0223225	-0.00230383
WATDE0604	-0.00559923	-0.0163914	0.0160287	0.0190779	0.00358212	0.00501596	0.0304244	0.0480116	-0.0144628	-0.00842665
WATDE0606	-0.0111591	0.0233062	-0.0249508	0.00248896	0.0128595	0.00756838	0.0117891	-0.0182863	-0.0545228	0.00139983
WATDE0608	0.0336986	-0.00154313	-0.0253375	0.0451276	-0.00632544	0.0206396	-0.0575708	0.0290195	-0.0129269	0.0073763
WATDE0609	-0.0605559	0.00563509	-0.0235093	-0.0100012	0.0415268	0.0544346	0.0644772	0.0171134	-0.0824321	-0.0388088
WATDE0610	-0.0807283	-0.00219102	-0.0324408	-0.00909844	0.0442309	0.0575455	0.0765035	0.00945769	-0.0676851	-0.0355822
WATDE0611	-0.0293603	-0.0397789	-0.00658568	-0.00713972	0.0430692	0.0237475	0.0741759	0.0329418	-0.0854836	0.00791283
WATDE0613	-0.0880784	-0.00209561	-0.00683619	0.000180126	0.0378625	0.0606034	0.0352963	-0.0117097	0.0356108	0.00177795
WATDE0614	-0.00636112	-0.0460816	0.0337733	-0.00836175	0.00147676	0.00398621	0.089076	-0.0218522	0.0019268	0.00993486
WATDE0615	-0.0216317	-0.00198018	0.00749297	0.00129533	0.00536209	0.0142403	0.0269479	-0.0213133	0.0159441	0.0184621
WATDE0616	0.0194942	-0.0183654	-0.0136109	0.00754601	0.0224325	-0.00720277	0.0211641	-0.0487567	-0.00243918	-0.00142417
WATDE0617	-0.0838517	-0.00592707	-0.053345	0.00204506	-0.00458575	-0.0330981	0.0344358	0.0183089	-0.0517524	-0.0421268
WATDE0618	0.0205434	0.026946	-0.0276189	-0.0111246	-0.00879261	-0.0128	-0.0223407	-0.0406564	-0.0188006	0.0645931
WATDE0620	0.00865897	0.0194373	-0.0198337	0.0052252	-0.0100557	-0.0273804	-0.0162424	-0.0111112	-0.00282299	0.00234721
WATDE0622	0.0206253	0.0269248	-0.0276765	-0.0112797	-0.00882754	-0.0126904	-0.0226344	-0.0406372	-0.0186698	0.0647164
WATDE0624	-0.0109467	0.0104541	-0.0261443	-0.0324109	0.00669729	-0.0361574	0.0146292	-0.00933168	-0.0180774	-0.00527495
WATDE0626	-0.0476886	-0.00232205	-0.0412348	0.0404373	-0.00901835	-0.0418613	-0.00489336	0.0240904	-0.0114289	-0.000613685
WATDE0627	-0.0368153	-0.0169516	-0.0414655	0.0216471	-0.0456353	-0.0794875	-0.0210237	-0.0118373	0.0299145	0.00715005
WATDE0628	-0.0250796	0.00755097	-0.039798	0.0243633	-0.0198449	-0.0447268	-0.0175912	0.0227523	0.0107293	0.00295275
WATDE0630	0.00561204	0.0124376	-0.0128331	0.0152666	0.00852366	-0.00403976	0.00383062	0.0174382	0.0089719	0.000251064
WATDE0631	0.00589588	0.0122634	-0.0129097	0.0154257	0.00863824	-0.00368996	0.0037897	0.0173599	0.00888555	0.000344038
WATDE0632	0.0157345	0.0572796	0.0191599	-0.032329	0.0070287	-0.0124434	0.016732	0.0268702	0.0298679	-0.0149879
WATDE0634	-0.0365369	0.0275997	-0.0319155	0.0105462	-0.0207395	-0.066513	-0.0176532	0.0191797	0.00176109	-0.00594847
WATDE0635	-0.0915256	-0.00582685	-0.057036	0.0283703	-0.040493	-0.105467	-0.0100386	0.00671626	-0.00133333	-0.017781
WATDE0636	0.0156689	0.0572402	0.0191547	-0.0322779	0.00697804	-0.0124897	0.0167145	0.0268057	0.0298372	-0.0149663
WATDE0638	0.0173294	0.0612664	0.0147236	-0.0357969	0.00848261	-0.0173741	0.0161308	0.0322815	0.0322232	-0.0165886
WATDE0639	-0.00870518	-0.0342823	0.0353718	0.0115228	-0.00166314	0.0215071	-0.0141952	0.00605448	0.0651646	0.0299017
WATDE0640	0.0118008	0.000564477	-0.0102381	0.0229649	9.45E-06	0.00668811	-0.0208438	0.00323852	0.00714033	-0.00101694
WATDE0641	-0.0582769	0.0184337	0.00622277	0.0120922	0.0257846	0.0356642	3.32E-05	-0.00562423	0.0700165	0.0174702
WATDE0643	-0.0518453	-0.00433042	0.0652715	-0.00246788	-0.00430756	0.0228417	-0.0289489	0.00269739	-0.00422957	0.00327416
WATDE0644	-0.0351161	-0.00586859	0.0755032	-0.0178365	-0.0219003	0.0051726	-0.0252465	-0.0190533	-0.00256624	0.000168023
WATDE0646	0.00247259	-0.0172951	0.0201688	-0.00128714	0.00610295	-0.00215664	-0.0281163	0.0371711	-0.00142057	-0.00758242
WATDE0648	0.0117662	-3.63E-05	-0.0125306	0.0060846	0.0133098	0.00513712	-0.0311141	-0.00907411	-0.00537845	-0.00630777
WATDE0649	-0.0787739	-0.0159573	0.0341368	0.00779907	0.00737196	0.0199965	0.000957879	0.0164274	0.0213679	-0.0101528
WATDE0650	-0.00990598	0.0160032	-0.0255025	0.0508553	0.0232746	0.0372376	-0.0557938	0.0467786	0.00460341	0.00826769
WATDE0651	-0.0586738	-0.0212081	0.0433945	0.00401984	0.00146645	0.0246605	-0.00426751	0.00959162	0.0530899	0.00993841
WATDE0652	-0.0134062	-0.013708	0.0204895	0.0221087	-0.00789088	0.00300173	-0.0316376	0.0594636	-0.00366603	-0.00322564
WATDE0653	-0.065328	-0.0159127	0.0263147	0.0197915	0.000351477	0.0111087	-0.0191543	0.0374501	0.00554586	-0.0103459
WATDE0655	-0.0690082	-0.015074	0.037917	0.0147546	0.00697478	0.0347999	-0.0106979	0.0196933	0.0236781	0.00126769
WATDE0657	-0.0306506	-0.0151762	0.0213898	0.0129847	0.00709722	0.0361383	-0.0136571	-0.0137984	0.0139342	-0.00411679
WATDE0658	-0.0816458	0.00673325	0.0132771	0.0166141	0.0243728	0.0528446	-0.00781657	-0.0254497	0.0552506	0.010006
WATDE0659	-0.068988	-0.0215219	0.0374605	-0.00700687	0.0101597	0.044194	-0.00344605	0.00929511	-0.0025368	-0.00665712
WATDE0660	-0.0423578	0.0202328	-0.0135369	0.0176308	0.0257436	0.031832	0.0105394	-0.0262696	-0.0100821	-0.000323059
WATDE0661	-0.0617227	-0.00667304	-0.0269236	-0.00601747	0.0351984	0.0437639	0.0569469	0.0104253	-0.0453225	-0.022168
WATDE0662	-0.08127	0.00944632	0.0139778	0.022289	0.0290424	0.0602144	-0.00513164	-0.0233399	0.0975213	0.0287526
WATDE0663	0.0346696	-0.0615648	0.0168872	0.0207841	-0.0140674	-0.00647653	0.0399182	-0.0154057	0.00751733	0.0109087
WATDE0664	-0.0881135	0.00579076	0.012126	0.0263618	0.0299694	0.0622398	-0.0140002	-0.0302481	0.105608	0.0242786
WATDE0665	-0.0883031	0.00572965	0.0123012	0.0263285	0.0301306	0.0626387	-0.0141769	-0.030384	0.106178	0.0243988
WATDE0666	0.0211928	0.0440439	-0.0130532	-0.0185016	-0.000648927	-0.00584923	-0.00969928	-0.0306196	-0.0081835	0.045022
WATDE0667	0.0195318	0.059107	0.00554177	-0.0340766	0.00785359	-0.0120705	0.0129136	0.0325826	0.0264184	-0.0181924
WATDE0669	-0.0105168	-0.0436358	0.00519857	-0.0326424	-0.0213735	0.00889807	-0.0163708	-0.00238186	-0.0105193	-0.010134
WATDE0670	-0.03009	-0.00299772	0.0904479	-0.0223017	-0.0276579	0.00183412	-0.041729	-0.0222361	-0.0301958	-0.0143433
WATDE0671	-0.032995	-0.00382541	0.0937492	-0.0154259	-0.027725	0.00310046	-0.0428936	-0.0268015	-0.0147979	-0.0104687
WATDE0672	-0.0290576	-0.00298912	0.081957	-0.0244381	-0.0263863	0.0047324	-0.0369196	-0.0162944	-0.0202114	-0.00622331
WATDE0674	-0.0330196	-0.00385671	0.0938643	-0.0154737	-0.0277635	0.00311049	-0.0430122	-0.0267559	-0.0147475	-0.0105086
WATDE0675	0.0236045	0.000920549	-0.042242	0.0682801	0.00980302	0.035677	-0.073602	0.0584893	-0.0214949	0.00960046
WATDE0676	0.0213101	0.005241	-0.0365164	0.0535529	0.00841226	0.0295427	-0.058763	0.0426283	-0.0143679	0.00582875
WATDE0678	0.0215431	0.0290232	-0.00652401	-0.0166908	-0.00473633	0.00229512	-0.0176675	-0.00184652	0.00954559	-0.00618354
WATDE0679	0.0144729	-0.0286344	-0.0336494	-0.0296776	0.0447409	0.00997753	0.029657	-0.0123021	-0.00631104	-0.012939
WATDE0680	0.0319415	-0.0458681	0.0262986	0.0221361	-0.0151263	-0.012851	0.0401157	-0.00210404	0.00115701	0.0343082
WATDE0682	0.0326385	-0.0661053	0.0317929	0.0346291	-0.0129123	-0.0171532	0.0747417	-0.0247054	0.0159708	0.0400699
WATDE0683	0.0304857	-0.0497029	0.0221077	0.0271296	-0.0142488	-0.00804093	0.0368449	0.00246027	-0.00371054	0.0527405
WATDE0685	0.0156671	-0.0353576	0.0260007	0.0034241	-0.0144631	-0.00318032	0.017875	0.0116962	-0.00328589	0.0392729
WATDE0686	0.0139277	-0.00679323	0.0364475	0.00457749	-0.017405	-0.00428819	-0.00732672	0.0387778	0.00767564	-0.00847567
WATDE0687	-0.0314925	-0.00718687	0.0655301	-0.0136385	-0.0156344	0.0100898	-0.0148679	-0.00557516	-0.0240775	-0.010953
WATDE0688	-0.086188	-0.00228797	-0.00617526	-0.00118477	0.0465694	0.0727354	0.0465461	-0.010478	0.0210365	0.0014149
WATDE0689	-0.0156705	0.0118217	0.00166066	0.0203314	0.0137488	0.0230467	-0.0016527	-0.0138522	0.0426688	0.0145326
WATDE0691	-0.0742087	-0.00146551	-0.0399297	-0.005543	0.0553129	0.0535686	0.105725	0.0185241	-0.131562	-0.04284
WATDE0693	-0.0133038	0.0260819	0.0121713	0.000561328	0.0104132	0.0103501	-0.00357156	-0.00588995	0.0423753	-0.00262252
WATDE0694	-0.0798308	0.00329352	0.0230138	0.0238391	0.0322543	0.0669634	-0.0124245	-0.0304937	0.121358	0.0374003
WATDE0695	-0.079832	0.00329647	0.0230181	0.0238271	0.0322576	0.0669736	-0.0124369	-0.0304991	0.121366	0.0374089
WATDE0697	-0.0573922	0.0113221	0.0123752	0.00550401	0.0270222	0.0629663	-0.0126947	0.00325433	0.0775448	0.0111749
WATDE0699	0.0395105	-0.0568688	-0.00607954	0.0289228	-0.0264764	0.0104213	-0.0145925	0.0174923	0.00542541	-0.0244426
WATDE0700	0.0341277	-0.0654481	0.0302997	0.0356998	-0.0126017	-0.0169076	0.073028	-0.0228956	0.0170907	0.0428898
WATDE0701	-0.0148943	-0.0121255	-0.00108125	0.00343087	0.0110533	0.0166454	0.0411482	0.0173308	-0.019943	0.00834071
WATDE0702	-0.018427	-0.0134366	-0.0231388	0.029037	0.0293553	0.0149569	0.0655128	0.00140745	-0.0507376	0.0211585
WATDE0703	-0.088519	0.00275185	0.0176948	0.0252199	0.0329854	0.0618824	-0.00667439	-0.027548	0.114276	0.0332839
WATDE0704	-0.0146413	-0.0225059	0.00879659	0.0107916	0.00287316	0.00871194	0.0385285	0.00860335	-0.00598883	0.0242046
WATDE0705	0.00655045	0.00379296	0.0477249	-0.0232952	-0.0163151	-0.0104134	0.0163411	0.0342741	0.0169455	-0.00288339
WATDE0706	-0.0254072	0.0158685	-0.0122932	-0.00456527	-0.0142268	-0.0275504	-0.00491568	-0.0328308	-0.000222757	0.0260126
WATDE0707	0.0314766	-0.00603959	-0.00992611	0.0387408	-0.00199967	0.00400548	0.0108825	-0.0116888	0.00200837	-0.0259212
WATDE0709	-0.0336138	-0.0295055	-0.0026921	0.0252874	0.0112426	0.0220496	0.0369505	0.0468856	-0.0634927	-0.0237751
WATDE0710	0.0148297	0.0167726	-0.0245316	0.0204627	0.00482808	0.00813429	-0.00804825	-0.0212905	-0.0176897	-0.00650681
WATDE0712	-0.0116746	0.0166276	-0.0251597	0.0317375	0.0248664	0.0248992	0.0108773	0.0051125	-0.0363882	-0.0178662
WATDE0713	-0.0114291	0.00790574	0.016629	-0.00397395	-0.00300549	0.00987229	-0.0162579	-0.010521	-0.0359964	-0.0176331
WATDE0716	0.0225431	-0.0470505	-0.00906248	-0.0970163	0.215834	-0.100762	-0.089552	-0.0044705	0.0243534	-0.0318753
WATDE0718	-0.00167243	0.0113487	-0.0232518	0.0053747	0.0360763	0.015365	0.0196912	0.0281411	-0.00172608	0.0202458
WATDE0720	0.0232473	-0.0254968	0.00424769	0.0353775	-0.0160155	0.0171188	-0.0503727	0.0635961	-0.00837252	0.00635653
WATDE0721	-0.00356492	-0.0263703	0.0232354	0.0145034	-0.0105054	0.0178317	-0.00781562	0.0388942	-0.000213609	-0.00728365
WATDE0723	-0.0139181	-0.00737627	0.0308679	-0.00532742	-0.00361273	0.00208149	0.0285877	0.0339019	-0.0242639	-0.0122084
WATDE0725	-0.097973	-0.00444189	-0.0530176	0.0216986	-0.0372215	-0.089081	-0.00673293	0.000898773	0.0232538	-0.0136003
WATDE0726	-0.0545199	-0.024005	0.0312281	0.0177582	0.0146717	0.0425644	0.0123719	0.00617665	0.0523632	0.0100654
WATDE0727	-0.0298221	0.0225949	0.0393709	-0.00986957	0.00580865	0.0214945	0.00169623	-0.0182406	0.0647545	-0.00242524
WATDE0728	0.0370208	-0.00309083	-0.00638837	0.0321619	-0.00324626	0.000905332	0.0298925	-0.0285474	-0.00135538	-0.0779364
WATDE0729	-0.0244264	-0.0847899	0.0146257	-0.0109273	0.112023	-0.0375591	-0.0207662	-0.0130779	0.0279624	-0.0162007
WATDE0730	0.0185776	-0.0353414	-0.0188697	-0.106578	0.208886	-0.0759473	-0.0704353	0.00253125	0.00262492	-0.0290106
WATDE0732	-0.00637385	-0.0923455	0.0103949	-0.0663636	0.212929	-0.0611398	-0.0768307	0.0216366	-0.0111152	-0.0279807
WATDE0735	0.0210791	-0.0521123	0.022261	-0.000970159	-0.0130594	-0.00112599	0.0256554	0.00473324	0.0174282	0.0284846
WATDE0736	0.0318328	-0.110711	0.00236631	-0.0615001	0.199773	-0.0779845	-0.0735795	0.0165331	-0.0117393	-0.00936536
WATDE0737	0.0157167	-0.0458334	0.0169747	-0.0325859	0.0144439	-0.00189352	0.0331892	0.0149237	-0.0248773	0.0180517
WATDE0738	0.0333291	-0.00656197	-0.0272853	0.0436001	-0.00453888	0.0150679	-0.0411889	0.0105132	-0.00538508	0.00663488
WATDE0739	-0.00284217	-0.0106361	0.0855732	-0.000622746	-0.0414306	0.00794061	-0.0816953	-0.0256394	-0.0925054	-0.0325229
WATDE0740	0.0244887	-0.0121358	-0.0316606	0.0582448	0.00840724	0.0255284	-0.0337765	0.030476	-0.0112908	0.0258146
WATDE0742	0.0389035	-0.0316381	0.0142525	0.038755	-0.0191948	-0.000684286	0.0219101	-0.00328022	0.00763033	-0.121443
WATDE0743	0.0234066	-0.0159782	0.0277965	0.00601206	-0.0163508	-0.0137574	0.0247959	0.00521067	0.0046546	-0.0752358
WATDE0744	0.0254628	-0.0244966	0.0300673	0.0147265	-0.019069	-0.00981836	0.0270657	-0.0069775	0.0049624	-0.113963
WATDE0745	0.0305679	-1.80E-05	-0.0168772	0.0257683	-0.00104894	0.00785212	-0.00120598	-0.0414305	0.00682272	-0.0122537
WATDE0747	0.0220358	-0.0671067	-0.00343445	-0.0272547	-0.0175598	0.0245745	0.0477916	-0.00024419	-0.0106575	0.0276921
WATDE0748	0.0383664	-0.0377062	0.0169827	0.0466015	-0.0230259	0.00106035	0.0240353	0.00112179	0.00848277	-0.167535
WATDE0749	0.0325058	-0.01534	0.00919491	0.0346436	-0.0132057	0.0132077	-0.0402082	-0.0561402	-0.0501769	-0.0382105
WATDE0750	0.0382074	-0.0376097	0.0169793	0.0464715	-0.022965	0.000928593	0.0240148	0.00109848	0.00841705	-0.166842
WATDE0751	0.0056439	-0.0917891	-0.068348	-0.142476	-0.0684333	0.0598226	-0.000754787	0.0038704	0.00766451	-0.00107332
WATDE0752	0.0184091	-0.00783118	-0.0304584	0.029873	0.00964118	0.0209294	-0.0187558	0.00103901	-0.00346296	0.0182769
WATDE0754	0.0251055	-0.00475896	0.00036531	0.00460059	-0.00566752	-0.00740978	0.0385775	-0.0336553	0.015288	0.00373024
WATDE0755	0.00375665	-0.00329527	-0.0223757	0.0309342	0.0128479	0.0268585	-0.0320822	0.0202758	0.0180184	0.0210745
WATDE0756	0.0132123	-0.0406324	-0.0495296	-0.0719216	-0.0170434	0.0398258	0.00714134	-0.0250665	0.00570009	0.0454793
WATDE0758	0.021388	0.00834605	0.00680648	0.000621635	-0.00142629	-0.0122849	0.0310197	-0.0235157	0.0260713	-0.00739732
WATDE0759	0.0208763	0.00884797	0.00631374	-0.000613688	-0.00231156	-0.0126267	0.0289101	-0.022676	0.0219749	-0.00469637
WATDE0760	0.0232887	-0.0277933	-0.0160694	0.0232037	-0.000339293	-0.00358221	0.0202148	-0.0125962	0.0109056	0.0206146
WATDE0761	0.0260644	-0.0431911	0.0117546	0.0242374	-0.0172938	-0.00372831	-0.00287502	0.0258973	-0.00457183	0.00766396
WATDE0763	0.0251506	-0.0130086	-0.0155988	0.0252637	0.00308448	0.00729673	-0.0080527	0.00835049	0.00850011	0.01767
WATDE0765	0.0262045	-0.0476431	0.00140351	0.0111544	-0.0216231	-0.00835554	-0.0114931	0.0424939	0.0141221	0.0196278
WATDE0766	0.0301115	-0.0553012	-0.00619747	0.00718442	-0.0234113	-0.000178077	-0.019949	0.0447673	0.00633253	0.0191043
WATDE0768	0.0311487	-0.0262234	-0.0362123	0.0161403	-0.00981897	0.00769247	-0.0292106	0.0235432	0.00888019	0.0113985
WATDE0769	0.0239345	-0.0204073	0.0185498	0.0108825	-0.0154731	0.0116159	-0.0256988	0.0358234	-0.00608197	0.00983125
WATDE0770	0.026127	-0.0324591	0.0300255	0.0131653	-0.0160634	-0.00144081	0.0178942	0.00833565	-0.00333345	0.038966
WATDE0771	0.0160424	0.0138159	0.00709311	-0.0147323	0.00663402	-0.00629039	0.0165676	0.0125321	0.0304035	-0.00192398
WATDE0773	0.0205794	-0.0440655	0.0301405	0.00438269	-0.000594173	-0.0177749	0.0295218	0.0142433	0.0191918	0.03712
WATDE0774	0.0200665	-0.0326555	0.0291036	0.0171998	-0.0152183	0.00128482	0.00235058	0.0202109	0.0146591	0.0179131
WATDE0775	-0.0277685	-0.0318745	0.0185215	0.0320365	0.00893823	0.0436529	-0.00921779	0.0274768	0.0700827	0.0291213
WATDE0776	-0.0528625	0.000226665	0.00913999	-0.0158749	0.0212371	0.0634215	-0.0460409	-0.0262414	-0.0681325	0.0169556
WATDE0777	-0.00473278	0.00860816	-0.0213971	0.0363882	0.0171299	0.0257209	-0.0182955	0.0394013	-0.0114987	0.0135386
WATDE0779	0.00570754	-0.0183746	-0.0328687	0.0475729	-0.0071014	0.0185717	-0.0140044	0.000106595	0.000422966	-0.08988
WATDE0780	0.0200085	-0.0283457	-0.00796347	0.0528488	-0.00766164	0.0317177	-0.0674711	0.0667634	-0.014762	-0.00110615
WATDE0781	-0.0302726	0.0213839	-0.00586496	-0.012883	-0.0135599	-0.0455078	0.0140845	0.00415123	0.0254049	-0.012641
WATDE0782	-0.0962535	-0.0103784	-0.0684718	0.0164596	-0.054121	-0.11521	-0.00871847	0.00678353	0.00526126	-0.0240839
WATDE0783	-0.0505501	0.0145786	0.0163271	-0.0015481	-0.00361425	-0.00126795	-0.00649083	-0.0243777	0.096896	0.00530554
WATDE0785	0.00831191	0.0313622	-0.0039229	0.00666967	-0.00222632	-0.0095946	-0.0157703	0.0208288	0.00867931	-0.0163888
WATDE0786	0.0244838	0.0136782	-0.0300876	0.0195387	-0.000859329	0.00915338	-0.0259169	-0.050503	0.00401958	0.0180672
WATDE0788	0.0269939	-0.0846966	-0.0503872	-0.0966752	-0.0727863	0.061042	-0.0207359	0.00943556	0.0459213	0.0150479
WATDE0789	-0.0473911	-0.0319896	-0.00738199	-0.000676924	-0.0679428	-0.0896694	-0.0164918	0.0237948	0.0244542	-0.00894029
WATDE0790	-0.0473946	-0.032165	-0.00725247	-0.000604849	-0.0679691	-0.0894916	-0.0165941	0.0240457	0.0244466	-0.00931172
WATDE0791	0.0205785	0.00632946	-0.0318899	-0.0241793	-0.0129727	0.0247443	-0.0194908	-0.026868	0.0301884	-0.0111966
WATDE0793	0.036367	-0.039837	-0.00331342	0.0397217	-0.0194184	0.0121026	-0.0486183	0.0461262	-0.0134773	0.00242039
WATDE0794	-0.00861003	-0.0120169	-0.0524578	0.0302538	-0.041031	-0.0492061	-0.0403903	0.0198331	0.018425	-0.00377626
WATDE0795	0.0312806	-0.0708143	0.00379096	-0.00162309	-0.0020677	0.00277323	0.0636139	-0.0185062	-0.0122496	0.000687282
WATDE0797	0.029283	-0.0595273	-0.0179135	-0.0212312	-0.034933	0.0249723	-0.00699438	0.0318423	0.0296453	-0.00370774
WATDE0798	0.0160762	-0.0977956	-0.072944	-0.132227	-0.0774482	0.079924	-0.0022256	0.0330144	0.0354711	-0.0644087
WATDE0800	0.0317673	0.00734961	-0.0240405	0.0429117	-0.00198226	0.0116754	-0.0418789	0.0270775	-0.0026329	0.00531749
WATDE0802	0.0355314	-0.0428987	0.00367322	0.0413858	-0.0182259	0.00270509	-0.0128205	0.0178883	-0.00410914	-0.0143222
WATDE0803	0.0240096	-0.0156977	0.0242509	0.0136773	-0.014746	-0.00595044	-0.000173176	0.0266914	3.87E-05	-0.0132825
WATDE0804	0.0244711	-0.0404375	0.00577656	0.0392043	-0.00508866	0.00842374	0.00286127	0.0296004	-8.15E-05	0.00234127
WATDE0805	0.0309312	0.0013162	-0.0250664	0.0446455	-0.00246196	0.0241586	-0.0522135	0.02389	-0.0134896	0.00591663
WATDE0807	0.0311794	0.0205574	-0.0242582	0.0128053	-0.00485114	0.0117592	-0.0185129	-0.0959861	0.0159024	-0.0619305
WATDE0808	0.0153903	0.00798955	0.0446971	-0.0104586	-0.0152094	-0.0151586	0.00668791	0.0278133	0.0118282	0.00283214
WATDE0810	0.0148739	0.0154299	0.0437144	-0.0224908	-0.0135046	-0.0143076	0.00392595	0.0382815	0.0130256	-0.0138969
WATDE0811	0.0284932	-0.00380032	0.0131526	0.0171722	-0.0134013	0.000462904	-0.0310389	0.0597367	0.00270877	-0.0152509
WATDE0812	0.0202324	0.0217995	0.0333615	-0.0234328	-0.00813206	-0.0165989	0.00412905	0.0211555	0.0127115	-0.00813999
WATDE0814	0.030012	-0.0305051	0.0285837	0.0134417	-0.0130864	-0.0109163	0.0224431	-0.00794035	0.00452896	0.0121907
WATDE0815	0.0174841	0.0310442	0.040208	-0.0403634	-0.00283987	-0.0224944	0.0148638	0.0532775	0.0227506	-0.0177833
WATDE0816	0.0189319	0.0546556	0.00742465	-0.0257648	0.00731228	-0.0103859	0.0011646	0.0303482	0.0240782	-0.00916661
WATDE0817	0.0262951	0.000255322	-0.0462288	0.0734884	0.0102437	0.0397662	-0.0879226	0.0654772	-0.0266586	0.00449418
WATDE0818	0.0190781	0.0165236	0.0363673	-0.0187337	-0.0130864	-0.0143443	0.00846179	0.0430728	0.00859049	-0.0228834
WATDE0819	0.0189062	0.0458643	0.00805058	-0.0159946	0.00368627	-0.00921073	0.000617059	0.0260065	0.0202192	-0.0218812
WATDE0821	0.0268402	0.0301644	-0.00623454	0.00470047	0.00554744	-0.00239981	-0.00718549	0.0202312	0.0174402	-0.00322544
WATDE0823	0.0270158	0.0199364	-0.0133131	0.0162817	0.000333845	0.00259746	-0.0151996	0.00979185	0.00892045	0.0014642
WATDE0825	0.0225184	0.00127604	-0.0333425	0.062283	0.00735307	0.0326079	-0.0650028	0.054236	-0.020733	0.00175853
WATDE0826	0.0196183	0.0441743	0.00449057	-0.0117422	0.00712488	-0.00548389	-0.00343791	0.031893	0.0200042	-0.0198791
WATDE0827	0.0213695	0.0564503	0.00665851	-0.0289777	0.0126351	-0.0188437	0.0041533	0.028161	0.0246982	-0.00270103
WATDE0828	0.0249319	0.043834	-0.00366221	-0.00869293	0.00476976	0.000909758	-0.0211419	0.0329838	0.0170348	-0.0159722
WATDE0830	0.0306509	0.0251201	-0.00134077	0.0115271	9.66E-05	-0.00874148	0.0148707	-0.0114018	0.0233711	-0.0887754
WATDE0831	0.0126682	0.0485031	0.0191063	-0.0251453	0.00479514	-0.00886023	0.0118597	0.0206284	0.0243321	-0.00622642
WATDE0833	0.0133688	0.0494557	0.0162504	-0.0230092	0.00603746	-0.00779986	0.00755615	0.0229353	0.0284893	-0.0114768
WATDE0835	-0.0770605	0.00297973	0.0131514	0.022629	0.0307894	0.0574347	-0.00615628	-0.0255973	0.0864954	0.0283631
WATDE0836	-0.0771188	0.00289223	0.0132375	0.0226307	0.0308997	0.0576733	-0.00616131	-0.0256936	0.0867602	0.0284877
WATDE0837	-0.0131997	0.000574701	0.0537861	-0.00900173	-0.0151842	-0.00157388	-0.00429338	0.0114156	0.0256996	0.00810383
WATDE0839	-0.0211238	0.00904717	-0.00963813	0.0407944	0.0200719	0.041689	-0.037829	0.0108934	0.0298172	0.0160975
WATDE0840	-0.0343869	0.0120364	0.0373353	-0.00240804	-0.000606213	0.0253219	-0.00433905	-0.0263837	0.0611472	0.00400167
WATDE0841	-0.0914123	0.0025194	0.0194	0.0222016	0.0342625	0.0661634	-0.00685383	-0.0323437	0.123496	0.0337221
WATDE0843	-0.0660034	0.00293458	0.0128333	0.0203455	0.0210637	0.0419546	-0.0213532	-0.0193739	0.0389799	0.0195973
WATDE0845	0.021909	0.0702788	0.00981401	-0.0412721	0.0105147	-0.0168032	0.00939673	0.0419899	0.041177	-0.0161291
WATDE0846	0.0284574	0.0317602	-0.0111397	0.0168618	0.0023197	0.00148611	-0.033368	0.0392495	0.0151126	-0.00981591
WATDE0848	0.0216303	0.0698914	0.00974308	-0.0408356	0.0103239	-0.0169318	0.00967159	0.041333	0.0406915	-0.0158813
WATDE0850	0.0344161	-0.0155698	-0.0244417	0.0357199	-0.00127486	0.0119463	-0.0201907	0.0154091	0.0184369	0.0136604
WATDE0851	0.0238417	-0.000872949	-0.0144219	0.0259041	0.00220505	0.00411858	-0.016266	0.0139207	0.0146487	0.0264594
WATDE0852	0.00459562	0.00849879	-0.0156901	0.0194823	0.00886718	0.0188585	-0.00801805	0.0120224	-0.0232871	-0.0128668
WATDE0854	-0.00845502	-0.00499796	-0.023712	0.0368107	0.0191382	0.0116176	0.00663407	0.0295607	0.00327477	0.0178684
WATDE0856	-0.0437805	0.0243802	-0.00644263	0.0169242	0.0176871	0.0120924	-0.00427388	0.000985758	0.0375054	0.0218019
WATDE0857	0.0155832	-0.0229145	0.0181873	0.0214365	-0.0157478	-0.00338994	0.0344557	0.0211715	-0.00716713	-0.0943429
WATDE0859	-0.0190424	0.0259405	-0.0202664	0.000354892	0.00647711	-0.0187957	0.0214007	-0.00772159	-0.0336931	0.0161682
WATDE0861	-0.0197782	0.023294	-0.0179134	0.00314523	0.0048083	-0.0214887	0.0176564	-0.00699226	-0.0245443	0.0211218
WATDE0862	-0.0208373	0.0198647	-0.0427531	0.00854834	-0.0341362	-0.0772489	-0.0250881	-0.0314782	0.00349298	0.045932
WATDE0863	-0.0285528	-0.0213591	-0.0213146	0.00872503	-0.0633884	-0.106692	-0.0216958	0.0030902	0.00121115	0.0145115
WATDE0864	-0.0028939	-0.109007	-0.0414192	-0.10424	0.118608	-0.1232	-0.12204	-0.0327851	0.0120095	0.0324473
WATDE0865	-0.000135604	0.00129592	-0.00191941	0.00635641	-0.00998332	-0.0139968	-0.00520766	-0.00591405	0.00168329	-0.000906013
WATDE0869	0.00757947	0.0153696	-0.00896189	-0.00490848	-0.00798798	-0.00397161	-0.0158262	-0.0132122	0.000330896	0.0159234
WATDE0871	-0.0234615	-2.18E-05	-0.0724974	-0.0321658	-0.0585394	-0.0711053	-0.036788	-0.0358035	0.0103952	0.0674104
WATDE0872	-0.0249898	0.0100015	-0.0469571	0.00545854	-0.0496362	-0.100037	-0.0228987	-0.0328904	-0.00977178	0.0264926
WATDE0873	-0.0382318	0.0102288	-0.0550772	0.00857311	-0.0252694	-0.0644896	-0.0135249	0.000324825	-0.00230873	0.0138445
WATDE0874	-0.0382173	0.0102457	-0.0550518	0.0085911	-0.0252391	-0.0644023	-0.0134665	0.000290909	-0.00238539	0.0138156
WATDE0875	-0.0414658	-0.000676502	-0.0647477	-0.0100697	-0.0733157	-0.125674	-0.0328252	-0.0290172	0.0148169	0.0357852
WATDE0876	-0.0414595	-0.000689112	-0.0647497	-0.0100914	-0.0733393	-0.125714	-0.0328642	-0.0290069	0.0148618	0.035817
WATDE0877	-0.0466375	0.0180637	0.00345609	0.0191523	0.0284724	0.0375402	-0.000460984	-0.01102	0.0713812	0.0363958
WATDE0878	0.0183699	0.0384319	0.00258716	-0.00627993	0.000785855	-0.0114929	-0.00383683	-0.00650627	0.0117444	0.0136824
WATDE0879	0.0184631	0.0384938	0.00259096	-0.00632771	0.000773884	-0.0114949	-0.00371593	-0.00644584	0.0118631	0.0138465
WATDE0880	-0.00698553	0.0299062	0.00614472	-0.00118906	0.00901737	0.00225541	0.00214619	-0.0144618	0.0246033	0.0199973
WATDE0881	-0.00647712	0.0296868	0.00609658	-0.000999077	0.00867788	0.00212716	0.0016945	-0.014813	0.0237014	0.0198145
WATDE0882	-0.028543	-0.0336198	0.0472754	0.0105135	0.00426172	0.0282215	0.0136488	-0.0126924	0.0684558	0.0239699
WATDE0883	-0.0790958	0.00692381	0.010137	0.021199	0.03388	0.0656352	-0.00376846	-0.0261291	0.115996	0.0355745
WATDE0884	0.0207325	0.0533705	0.0047614	-0.0236743	0.0055852	-0.0133952	0.00307926	0.0139855	0.0155655	0.00480979
WATDE0887	0.0210629	0.0602532	0.00860503	-0.0299864	0.00712004	-0.0167828	0.00400379	0.0279837	0.0293272	-0.00215788
WATDE0888	-0.0309823	-0.037124	0.0177423	0.0384031	0.00388646	0.038274	-0.017745	0.0303079	0.0665364	0.0396926
WATDE0889	0.0162502	-0.0398876	0.00266029	0.0144587	-0.0289819	-0.00616881	-0.0174556	0.0406698	0.00599906	0.0169561
WATDE0890	-0.0300581	-0.0188043	-0.0222558	0.00956302	0.0112062	-0.0211415	-0.0231896	-0.00431162	-0.00699435	0.00365384
WATDE0892	0.0232795	0.000161213	-0.0106787	-0.0301608	0.0319714	-0.0134777	0.00323581	0.0133626	0.0179218	0.00368517
WATDE0894	-0.00147005	-0.0320352	0.0485111	-0.0155177	-0.0308592	0.0087273	-0.0174952	-0.00804783	0.0110676	-0.0140231
WATDE0895	-0.0869715	-0.0189669	0.0478523	0.0170708	0.0192389	0.0625286	-0.0103467	-0.0126873	0.12923	0.0365568
WATDE0896	0.0112122	0.0179927	-0.00730306	0.00210803	0.00445732	0.0165245	-0.0223107	0.00939223	0.0274569	-0.0144004
WATDE0898	-0.0251006	0.00320114	-0.00923816	-8.07E-05	0.021273	0.0514262	-0.0346608	0.00735983	-0.0535487	0.00479406
WATDE0899	0.0341581	-0.0204223	-0.0209903	0.0334755	0.00837062	0.00662431	-0.018182	0.010529	0.0115227	0.0398381
WATDE0900	-0.00796652	0.0176725	-0.014541	-0.00193747	-0.00239578	0.0171138	-0.04892	-0.0482378	-0.0333544	0.0451281
WATDE0901	0.0206903	-0.00514673	-0.00584425	0.023608	0.00443155	-0.0099927	0.0604156	-0.049033	-0.0140403	0.00954502
WATDE0902	-0.00363953	0.015023	-0.0223294	-0.015492	0.023208	0.0132124	0.0691078	-0.00757235	-0.0660864	-0.00357571
WATDE0903	0.0366769	-0.0110208	-0.0159471	0.0577155	-0.00820728	0.0117841	-0.000385388	-0.0140203	0.00517927	-0.128906
WATDE0904	0.0404771	-0.123673	0.0136361	-0.0550734	0.206011	-0.106711	-0.0581843	-0.028314	0.0250695	-0.0184566
WATDE0905	0.0363013	-0.127322	0.0161981	-0.0535595	0.214709	-0.111722	-0.0643461	-0.0291453	0.0271437	-0.0284419
WATDE0906	-0.0183431	-0.101936	-0.0093591	-0.0781179	0.231854	-0.0718328	-0.0353747	0.0197765	-0.0526864	-0.0609548
WATDE0907	0.0183801	-0.112005	0.0199782	-0.0633748	0.218642	-0.115254	-0.055906	-0.0256817	0.00685909	-0.0422075
WATDE0909	-0.0872499	-0.00748328	-0.054485	0.00779433	-0.0523603	-0.108599	-0.00315781	-0.00135655	0.0064235	-0.0342567
WATDE0910	-0.0787366	-0.000938023	-0.0404779	0.000232991	0.0209014	0.00228418	0.0542732	0.0196989	-0.0763442	-0.0517444
WATDE0911	-0.0586437	-0.0126752	-0.062967	0.0191145	-0.010682	-0.0375271	0.0103738	0.0190118	-0.0149753	-0.027854
WATDE0912	-0.089029	-0.00958138	-0.0704264	0.0147474	-0.0500669	-0.116803	-0.000268353	0.00705152	-0.000183362	-0.0241066
WATDE0913	-0.0967326	-0.0057893	-0.0703529	0.0205014	-0.0606163	-0.137812	-0.014396	0.00845402	0.000747252	-0.0187452
WATDE0914	-0.0729732	0.00157123	-0.0319453	0.0131915	0.00693965	-0.00754689	0.0141417	0.00203091	0.00542587	-0.0115533
WATDE0915	-0.0821729	0.00433915	-0.0155935	0.0202273	0.0230534	0.0229516	0.0194529	-0.00483395	0.0297024	-0.00534893
WATDE0916	-0.0749315	0.000694233	-0.0340132	0.000709361	0.0237018	0.0119247	0.0496446	0.0178117	-0.0714392	-0.0483767
WATDE0917	-0.0743946	-0.00138332	-0.0397453	0.00592519	0.0349936	0.0209621	0.0737229	0.020844	-0.0994425	-0.0480201
WATDE0918	-0.0438373	-0.000249084	-0.0621698	-0.0341854	-0.0389953	-0.0313978	-0.00711038	-0.021167	-0.0229798	0.0271886
WATDE0919	-0.0822981	-0.0044257	-0.0301316	0.00494895	0.0338805	0.0355315	0.0525513	0.00806548	-0.0300208	-0.0273282
WATDE0920	-0.0325308	-0.000155391	-0.0377762	0.011456	0.0386108	0.0510202	0.0398005	0.0252978	-0.0755443	-0.0199948
WATDE0922	-0.0681372	0.0103284	-0.0395287	-0.0116464	0.0531651	0.0482674	0.109551	0.024049	-0.133154	-0.038445
WATDE0923	-0.0666172	0.0056848	-0.0347323	0.017223	0.0182009	-0.00153071	0.0522069	0.0182421	-0.0680555	-0.0243273
WATDE0924	-0.0305979	0.00633715	-0.0560324	0.0189344	-0.00761514	-0.0317486	0.00516965	-0.0189018	-0.0407547	0.0179235
WATDE0926	-0.023215	0.0137693	-0.0551742	0.00104908	0.0397564	0.0387817	0.0482231	-0.00590955	-0.0970824	0.0163372
WATDE0927	-0.0233404	0.0137805	-0.0549004	0.0012967	0.0394283	0.0383796	0.047898	-0.0059154	-0.0965779	0.0162599
WATDE0928	-0.0478551	-0.00755654	0.0671589	-0.0131469	-0.0213641	0.00954065	-0.0290447	-0.0306976	0.0186447	0.0148672
WATDE0929	-0.073462	-0.000269918	-0.0373649	0.0139496	0.00115018	-0.0130123	0.00995326	-0.00890945	0.045469	0.0143238
WATDE0930	-0.0258025	0.0108817	-0.0368142	0.0126882	-0.00505536	-0.0340483	-0.00405509	-0.00155576	-0.00436069	0.0280619
WATDE0932	-0.0696161	-0.000724543	-0.0313395	0.027528	-0.0120293	-0.0331732	0.0132493	-0.0264639	0.0289143	-0.0150332
WATDE0933	-0.00926946	0.0488172	-0.00406949	-0.0146848	0.0309809	0.00427063	0.0324329	0.0188517	-0.0558891	0.0337509
WATDE0934	0.0159719	0.0424131	-0.0155809	-0.02102	0.0030471	-0.0044325	0.00114502	-0.0268465	-0.00760221	0.0385732
WATDE0935	-0.00811546	0.0273752	0.000596147	-0.0121623	0.0141905	-0.00373233	0.0423645	0.00819334	-0.0372613	-0.00917472
WATDE0937	-0.0370832	0.00693343	-0.0244168	0.00700798	-0.011392	-0.0427751	0.0195628	-0.00111646	-0.00401611	0.00428605
WATDE0938	-0.0296854	0.0163366	-0.0198431	-0.0143485	-0.0308673	-0.058975	0.00216063	0.00132895	-0.0033079	-0.00806093
WATDE0939	-0.0621349	-0.0389004	-0.0192893	0.0099185	-0.050587	-0.0718478	-0.0026671	0.0330524	-0.00607354	-0.0127421
WATDE0941	-0.0363898	0.0149162	-0.02811	-0.0147671	0.0152437	0.00486199	0.0307068	0.0290213	-0.0373806	-0.0227525
WATDE0944	-0.00277236	-0.0154527	0.0691275	-0.0156494	-0.0365887	0.00467453	-0.0560707	-0.0242804	-0.0669109	-0.00361459
WATDE0945	-0.0394884	-0.00264276	0.00801979	-0.000534551	-0.0112787	-0.013589	0.00593153	0.0407245	-0.0240347	-0.0304628
WATDE0947	0.0184971	0.0157716	-0.0158649	0.00767356	0.00257676	0.00616877	0.0172962	-0.0572039	-0.0134423	-0.0247082
WATDE0950	0.0102725	0.0174106	-0.0233519	-0.00935787	-0.00390613	-0.0256324	0.0124351	-0.00157619	-0.0126258	0.0295682
WATDE0951	0.00597747	0.0196847	0.0546929	-0.0276994	-0.0124104	-0.0101475	0.00333571	0.0221312	0.0165251	-0.00324559
WATDE0952	0.0127945	0.0459897	0.0117603	-0.0282644	0.00309118	-0.0102021	0.00845729	0.00365531	0.000286399	0.000833701
WATDE0953	0.0355051	-0.0544719	0.0288482	0.0297912	-0.0139851	-0.0129524	0.0632551	-0.0311349	0.00723277	0.02547
WATDE0954	-0.0150986	0.00863613	0.0101217	0.0212298	-0.00395035	0.0226874	-0.0502602	0.00219796	0.017393	0.0121386
WATDE0955	0.0178763	0.0615941	0.0107278	-0.0375895	0.00854761	-0.0155308	0.0106655	0.0262482	0.0266593	-0.0120894
WATDE0957	-0.0296767	-0.011209	0.0995127	-0.0358317	-0.0435369	0.00239112	-0.0740955	-0.0498506	-0.0844415	-0.0126098
WATDE0958	-0.0356892	-0.00443082	0.0987113	-0.0259196	-0.032907	0.00596112	-0.0555364	-0.0305393	-0.0285012	-0.00567753
WATDE0961	0.018015	0.0568777	0.00695328	-0.0314361	0.00601901	-0.0128228	0.00829681	0.0190088	0.0222704	-0.00109878
WATDE0963	-0.0204831	-0.00140185	0.0732965	-0.0178552	-0.022229	-0.00559787	-0.0163865	0.00101896	-0.0243335	-0.00406846
WATDE0965	0.0201409	0.0606113	0.0101053	-0.0380083	0.00949091	-0.0152367	0.0099044	0.0335711	0.0265495	-0.00964721
WATDE0966	0.0170113	0.0623729	0.011681	-0.0324137	0.0115141	-0.0144674	0.0134843	0.0315348	0.0264104	-0.0137464
WATDE0967	0.0161493	0.0274816	-0.0349713	0.0385238	0.00949986	0.0187544	-0.048255	0.0142733	-0.0250103	0.0347459
WATDE0969	0.0220625	0.0109249	-0.0464569	-0.0470768	-0.0279299	0.0220861	-0.0361814	-0.0372421	-0.00328738	0.0438873
WATDE0970	0.0247287	-0.0142562	-0.00112678	0.041634	-0.00337334	0.0214135	-0.0444714	0.0672126	-0.0135862	-0.00874238
WATDE0971	0.0248087	-0.014305	-0.00113376	0.0416417	-0.00327711	0.0214352	-0.0445853	0.0672828	-0.0136091	-0.00875788
WATDE0973	-0.0383349	-0.00862699	0.119987	-0.0311574	-0.0502388	0.00499182	-0.0955616	-0.0658263	-0.105299	-0.0255358
WATDE0974	-0.0383916	-0.00871101	0.120408	-0.0313573	-0.0503753	0.00513788	-0.0960935	-0.0658795	-0.105521	-0.0256617
WATDE0975	-0.0169384	-0.00760878	0.0982637	-0.0222859	-0.0389854	0.00170888	-0.0612898	-0.0408433	-0.0918202	-0.0223321
WATDE0977	-0.0178951	0.0269748	0.0123318	-0.0367548	0.00828327	0.0164051	0.0103629	-0.00237743	0.00339042	-0.022834
WATDE0978	0.016903	0.0376757	0.00395699	-0.0205608	0.0032629	-0.0103211	0.00807095	0.00622301	0.0232277	-0.0155079
WATDE0979	0.016868	0.0376378	0.00362776	-0.0202482	0.00318253	-0.0104032	0.00784729	0.00614736	0.0231313	-0.0155159
WATDE0981	0.0178123	0.0615653	0.0107487	-0.0375798	0.00851851	-0.0155764	0.0106254	0.0262966	0.0267189	-0.0121183
WATDE0982	-0.0880736	0.00869392	0.0180397	0.0231583	0.0312424	0.0608684	-0.0088298	-0.0280888	0.0983654	0.0251113
WATDE0983	-0.0700221	-0.00446894	0.0201151	0.00636366	0.029138	0.0623443	-0.0345084	-0.0293005	0.0220461	0.0463971
WATDE0984	0.0273885	-0.00426256	-0.0247069	0.0312012	0.00134775	0.00562768	0.000660745	0.000189006	-0.00973269	0.0148004
WATDE0986	-0.0454698	-0.022639	0.0331809	0.024856	0.00413575	0.0377385	-0.0292872	0.0168303	0.0219717	0.00867011
WATDE0987	0.000278841	0.0126733	0.0439174	-0.0196621	-0.0132573	-0.0148406	0.010245	0.0197351	0.0118133	-0.00480753
WATDE0989	-0.0619317	-0.00868899	0.063762	-0.00230004	-0.00349035	0.0297373	-0.0112741	-0.0213304	0.0833091	0.0184343
WATDE0991	-0.0175291	-0.014501	0.0755021	-0.0225478	-0.038428	-0.00293702	-0.0427434	-0.0137999	-0.0434071	-0.00595016
WATDE0993	-0.0353956	-0.00527993	0.129244	-0.0303221	-0.0472383	0.00791407	-0.0890103	-0.0643116	-0.0957391	-0.023657
WATDE0995	0.0123332	0.0156553	0.0381057	-0.0640182	-0.0123248	-0.00801431	0.0237472	0.0493583	-0.0148001	0.0156705
WATDE0996	0.0200805	-0.0124073	0.0329151	-0.00869015	-0.0129431	-0.0143096	0.0183898	0.0208955	0.015673	0.0145931
WATDE0997	0.0196756	0.0632719	0.00722419	-0.0390104	0.00892015	-0.0167999	0.0140236	0.0267851	0.0312252	-0.00971136
WATDE0999	-0.0355281	-0.00553593	0.129043	-0.0301318	-0.0473635	0.00754097	-0.0886639	-0.0641761	-0.0952063	-0.023753
WATDE1001	0.0210685	0.0601135	0.00869031	-0.0386866	0.00843981	-0.0122599	0.00649191	0.0266244	0.0282017	-0.0124565
WATDE1002	0.0170121	0.0631384	0.0119217	-0.0402773	0.0107236	-0.0121566	0.0052852	0.0372699	0.0301751	-0.0171368
WATDE1003	-0.0354655	-0.00534047	0.12945	-0.0304277	-0.0473158	0.00792122	-0.0892696	-0.0641854	-0.0956755	-0.023737
WATDE1004	-0.0407656	-0.0104549	0.102839	-0.0267671	-0.0327662	0.0198441	-0.0716145	-0.0445503	-0.0575471	0.00537944
WATDE1005	-0.0105425	0.0228966	0.0533362	-0.0289556	-0.0190972	0.00731358	-0.0589471	-0.0541632	-0.0883898	0.0185789
WATDE1008	-0.0551375	0.0121466	0.0362582	0.00192957	0.0124689	0.0400832	-0.0479848	-0.0321767	-0.00971332	0.0203551
WATDE1009	-0.0543858	-0.0132866	0.0824241	-0.0110732	-0.01429	0.0407581	-0.0767792	-0.0291394	-0.0564127	0.0223527
WATDE1010	-0.025796	-0.00970734	0.109063	-0.0354003	-0.0426879	0.00745629	-0.074996	-0.0457667	-0.105963	-0.00664988
WATDE1012	0.00418859	0.00392583	0.053699	-0.0254924	-0.0150264	-0.01571	-0.00017411	0.0143725	-0.0165868	0.0143403
WATDE1014	0.0110914	0.0427069	0.0166236	-0.0275561	0.00179329	-0.00882325	0.00544471	0.0111073	0.0110495	-0.00225387
WATDE1016	0.0129795	0.0536644	0.0154734	-0.0285351	0.00537574	-0.0119745	0.00996292	0.0139618	0.0170359	0.00125174
WATDE1017	-0.0155344	-0.0117374	0.0948482	-0.0255146	-0.0418111	0.0128972	-0.078828	-0.0345707	-0.09919	-0.00785792
WATDE1018	-0.0153469	-0.0116454	0.0945485	-0.025146	-0.0417282	0.0129259	-0.0786304	-0.0346146	-0.0995007	-0.00819802
WATDE1019	0.0184715	0.0186048	-0.0319941	0.0318434	0.0104523	0.0183469	-0.0283444	0.0054986	-0.0116988	0.0186305
WATDE1021	0.0182563	0.0603994	0.0125046	-0.0351343	0.010053	-0.0131929	0.0058893	0.0231416	0.0177908	-0.0049506
WATDE1023	0.0180191	0.0601416	0.0123922	-0.0347689	0.00991734	-0.013296	0.00592815	0.0228731	0.0176194	-0.00481783
WATDE1025	-0.0100494	0.00830808	0.065328	-0.0326935	-0.0191069	-0.000421985	-0.0149221	0.0117662	-0.0210075	-0.0041891
WATDE1026	-0.0450467	0.00738475	0.0267028	0.00383457	-0.000843444	0.0166642	-0.0149202	-0.0318312	0.0369968	0.00176387
WATDE1027	0.0184363	0.0128346	-0.00735361	0.0152189	-0.00315103	0.00274697	-0.00764898	-0.0238745	-0.0012485	0.0132356
WATDE1029	-0.0779939	0.0107197	-0.0105339	0.026466	0.0377526	0.0419632	0.0368035	-0.00710842	0.0123653	-0.00400111
WATDE1031	-0.031532	-0.0180403	0.118626	-0.0196283	-0.0422946	0.0070859	-0.0615583	-0.0735264	-0.0665619	-0.0540514
WATDE1032	-0.0315789	-0.0176746	0.117363	-0.0193141	-0.0419729	0.00669982	-0.0607792	-0.0729007	-0.0657092	-0.0536009
WATDE1034	-0.0799917	0.014926	0.00833109	0.0234725	0.0311461	0.0475101	0.00576419	-0.0198909	0.0868491	0.011992
WATDE1035	-0.0800787	0.0149274	0.0084199	0.0234642	0.0312107	0.0476827	0.00567947	-0.0199304	0.0871401	0.0120174
WATDE1037	-0.0973072	-0.0331728	-0.0454471	0.014314	-0.0844778	-0.15342	-0.017161	0.0375129	-0.00437301	-0.0285553
WATDE1038	-0.0554125	0.011418	-0.0196177	0.00813271	0.0106023	0.00212454	0.0202099	0.00299836	-0.00503999	0.016705
WATDE1040	-0.0778197	-0.0123254	0.0385694	0.0154109	0.014761	0.0437306	0.00741867	0.00436263	0.0723572	0.0128696
WATDE1042	0.000328714	0.0174854	-0.000666628	0.0083904	0.00411472	0.0056174	-0.0153091	0.00964726	0.00936743	-0.00304021
WATDE1044	-0.0224052	0.0137882	-0.048755	-0.00317088	-0.0347585	-0.0694641	-0.0170665	-0.0380311	-0.0180307	0.0297938
WATDE1046	-0.0259614	0.0165762	-0.0634058	-0.00128411	-0.0573123	-0.108461	-0.028816	-0.0371464	0.00270552	0.042955
WATDE1048	-0.0875297	-0.0297813	-0.0360436	0.0060629	-0.0872316	-0.160211	-0.00928971	0.0211416	0.0039657	-0.0256345
WATDE1049	0.0160015	0.0485037	0.00981146	-0.0261715	0.0105087	-0.0135588	0.0224418	0.00585214	-0.023189	0.0340102
WATDE1050	0.0159985	0.0485041	0.00981363	-0.0261483	0.0105048	-0.0135502	0.0224365	0.00582947	-0.0232046	0.0339879
WATDE1051	-0.044562	-0.0123133	-0.00144752	-0.00899224	-0.0525865	-0.0872686	-0.00429161	0.0324039	0.000421346	-0.0273228
WATDE1052	-0.0239506	0.0197324	-0.0110856	-0.0194456	-0.0146312	-0.0365936	0.00631983	0.0144412	-0.00951552	-0.0414646
WATDE1053	-0.0237125	0.0226432	-0.0097362	-0.0167875	-0.0158151	-0.038564	0.00310486	0.0159468	-0.00644002	-0.0426072
WATDE1055	-0.0380116	0.0109444	-0.0430226	0.0133285	-0.0416004	-0.090754	-0.0212205	-0.0235379	0.00469516	0.0279913
WATDE1056	-0.0962655	-0.0316399	-0.0432579	0.0179667	-0.0844134	-0.159694	-0.0176313	0.0359324	-0.00413103	-0.0309784
WATDE1058	-0.0962564	-0.0316163	-0.043263	0.0179674	-0.0843952	-0.159665	-0.0176222	0.0359371	-0.004118	-0.0309833
WATDE1060	-0.0269151	0.0158515	-0.00736367	0.024827	0.024636	0.0249799	-0.00326503	0.0145885	-0.00946294	0.0115101
WATDE1061	0.0263206	-0.0414896	0.00201853	0.0296779	-0.0153778	0.0122258	-0.0241585	0.0574596	-0.0115967	0.00340739
WATDE1062	0.0137915	0.0366006	-0.0166668	0.0205823	0.0170398	0.0109411	-0.0349723	0.0497692	0.00539747	-0.00274618